[
{
  "model": "auth.user",
  "pk": 1,
  "fields": {
    "password": "pbkdf2_sha256$1200000$YotYVbIQ2hiMYsSDKNaeof$rCrii++1zKR4AeU6KCOYyk/RlnKONbm3SZpFnIeCGj0=",
    "last_login": "2026-04-08T06:10:57.755Z",
    "is_superuser": true,
    "username": "admin",
    "first_name": "",
    "last_name": "",
    "email": "admin@eda.local",
    "is_staff": true,
    "is_active": true,
    "date_joined": "2026-02-02T12:09:59.752Z",
    "groups": [],
    "user_permissions": []
  }
},
{
  "model": "sessions.session",
  "pk": "d319dhdtosb17gbk68j67zu1xyduq803",
  "fields": {
    "session_data": ".eJxVjMsOgyAQRf-FdUPA4aEuu_cbyABDpTWaCDZpmv57NXHRbu8597yZw62Obiu0uhxZzyS7_G4ew4PmA8Q7zreFh2Wua_b8UPhJCx-WSNP1dP8CI5ZxfzedsEQRKIU2CqVl6FovVTBgPEH0JJL2NoDsVEIQoJRPxmpMViQQAvbohKU6DDU_c32xXlqrTdMabT9fVQpANw:1wAM7t:g1QNvim4yPy_kS2i_vLS8WHDIKd49hnNZ0t7jmjZbfY",
    "expire_date": "2026-04-22T06:10:57.781Z"
  }
},
{
  "model": "launcher.category",
  "pk": 1,
  "fields": {
    "name": "Custom Layout",
    "slug": "custom-layout"
  }
},
{
  "model": "launcher.category",
  "pk": 2,
  "fields": {
    "name": "Circuit Design / Characterization",
    "slug": "circuit-design-characterization"
  }
},
{
  "model": "launcher.category",
  "pk": 3,
  "fields": {
    "name": "Physical Designing",
    "slug": "physical-designing"
  }
},
{
  "model": "launcher.category",
  "pk": 4,
  "fields": {
    "name": "Memory IP",
    "slug": "memory-ip"
  }
},
{
  "model": "launcher.category",
  "pk": 5,
  "fields": {
    "name": "Analog IP",
    "slug": "analog-ip"
  }
},
{
  "model": "launcher.category",
  "pk": 6,
  "fields": {
    "name": "Std Cell Library",
    "slug": "std-cell-library"
  }
},
{
  "model": "launcher.category",
  "pk": 7,
  "fields": {
    "name": "Simulation / RTL Verification",
    "slug": "simulation-rtl"
  }
},
{
  "model": "launcher.tool",
  "pk": 1,
  "fields": {
    "name": "KLayout",
    "slug": "klayout",
    "category": 1,
    "description": "Open-source IC layout viewer & editor",
    "tool_type": "desktop",
    "executable_path": "",
    "linux_executable_path": "/usr/bin/klayout",
    "windows_executable_path": "C:\\Program Files\\KLayout\\klayout.exe",
    "web_url": "/klayout/web/",
    "requires_license": false,
    "env_template": {},
    "icon": null,
    "visible": true
  }
},
{
  "model": "launcher.tool",
  "pk": 2,
  "fields": {
    "name": "Magic",
    "slug": "magic",
    "category": 1,
    "description": "VLSI layout editor used in open-source physical design workflows",
    "tool_type": "desktop",
    "executable_path": "",
    "linux_executable_path": "/usr/bin/magic",
    "windows_executable_path": "",
    "web_url": "",
    "requires_license": false,
    "env_template": {},
    "icon": null,
    "visible": true
  }
},
{
  "model": "launcher.tool",
  "pk": 3,
  "fields": {
    "name": "Custom Layout Editor",
    "slug": "custom-layout-editor",
    "category": 1,
    "description": "Internal custom layout editor tool",
    "tool_type": "desktop",
    "executable_path": "",
    "linux_executable_path": "",
    "windows_executable_path": "",
    "web_url": "",
    "requires_license": false,
    "env_template": {},
    "icon": null,
    "visible": true
  }
},
{
  "model": "launcher.tool",
  "pk": 4,
  "fields": {
    "name": "Verilator",
    "slug": "verilator",
    "category": 7,
    "description": "Verilator - fast open-source SystemVerilog/Verilog simulator",
    "tool_type": "desktop",
    "executable_path": "C:\\msys64\\mingw64\\bin\\verilator.cmd",
    "linux_executable_path": "",
    "windows_executable_path": "",
    "web_url": "",
    "requires_license": false,
    "env_template": {},
    "icon": null,
    "visible": true
  }
},
{
  "model": "launcher.license",
  "pk": 1,
  "fields": {
    "tool": 4,
    "pool_size": 10,
    "active_count": 0,
    "expiry_date": "2026-02-11T17:27:37.088Z",
    "status": "available"
  }
},
{
  "model": "launcher.envconfig",
  "pk": 1,
  "fields": {
    "tool": 4,
    "name": "Default",
    "vars": {},
    "is_default": true
  }
},
{
  "model": "launcher.toolrun",
  "pk": 1,
  "fields": {
    "tool": 1,
    "user": null,
    "input_file": "test.gds",
    "run_dir": "C:\\Users\\thefi\\Desktop\\Interface\\edalauncher_project\\uploads\\runs\\ea676a4ad91447c5b808e15fd2ca51d0",
    "created_at": "2026-01-12T17:28:05.099Z",
    "completed_at": null,
    "status": "running",
    "stdout": "",
    "stderr": ""
  }
},
{
  "model": "launcher.toolrun",
  "pk": 2,
  "fields": {
    "tool": 1,
    "user": null,
    "input_file": "test.gds",
    "run_dir": "C:\\Users\\thefi\\Desktop\\Interface\\edalauncher_project\\uploads\\runs\\69f9a9268b784fe0bc8f4c56063ebdd6",
    "created_at": "2026-01-13T05:10:51.760Z",
    "completed_at": null,
    "status": "running",
    "stdout": "",
    "stderr": ""
  }
},
{
  "model": "launcher.toolrun",
  "pk": 3,
  "fields": {
    "tool": 1,
    "user": null,
    "input_file": "test.gds",
    "run_dir": "C:\\Users\\thefi\\Desktop\\Interface\\edalauncher_project\\uploads\\runs\\482e5671494742ca9d0fe992f7c47095",
    "created_at": "2026-01-13T05:37:20.318Z",
    "completed_at": null,
    "status": "running",
    "stdout": "",
    "stderr": ""
  }
},
{
  "model": "launcher.toolrun",
  "pk": 4,
  "fields": {
    "tool": 1,
    "user": null,
    "input_file": "test.gds",
    "run_dir": "C:\\Users\\thefi\\Desktop\\Interface\\edalauncher_project\\uploads\\runs\\72dfeaf808a64f68bf93b1669440f92b",
    "created_at": "2026-01-13T05:46:15.768Z",
    "completed_at": null,
    "status": "running",
    "stdout": "",
    "stderr": ""
  }
},
{
  "model": "launcher.toolrun",
  "pk": 5,
  "fields": {
    "tool": 1,
    "user": null,
    "input_file": "test.gds",
    "run_dir": "C:\\Users\\thefi\\Desktop\\Interface\\edalauncher_project\\uploads\\runs\\4981dcd76cfd4b10bca205bcc2c5fb27",
    "created_at": "2026-01-13T05:58:36.939Z",
    "completed_at": null,
    "status": "running",
    "stdout": "",
    "stderr": ""
  }
},
{
  "model": "launcher.toolrun",
  "pk": 6,
  "fields": {
    "tool": 1,
    "user": null,
    "input_file": "test.gds",
    "run_dir": "C:\\Users\\thefi\\Desktop\\Interface\\edalauncher_project\\uploads\\runs\\3ec9a91e60ef4062a703b9cf69192c80",
    "created_at": "2026-01-13T06:08:34.280Z",
    "completed_at": null,
    "status": "running",
    "stdout": "",
    "stderr": ""
  }
},
{
  "model": "launcher.toolrun",
  "pk": 7,
  "fields": {
    "tool": 1,
    "user": null,
    "input_file": "test.gds",
    "run_dir": "C:\\Users\\thefi\\Desktop\\Interface\\edalauncher_project\\uploads\\runs\\eece6b3deac54811b3410c3374541840",
    "created_at": "2026-01-13T06:34:22.451Z",
    "completed_at": null,
    "status": "running",
    "stdout": "",
    "stderr": ""
  }
},
{
  "model": "launcher.toolrun",
  "pk": 8,
  "fields": {
    "tool": 1,
    "user": null,
    "input_file": "test.gds",
    "run_dir": "C:\\Users\\thefi\\Desktop\\Interface\\edalauncher_project\\uploads\\runs\\4146132b43e647c2879391c59250aacb",
    "created_at": "2026-01-13T06:53:08.087Z",
    "completed_at": null,
    "status": "running",
    "stdout": "",
    "stderr": ""
  }
},
{
  "model": "launcher.toolrun",
  "pk": 9,
  "fields": {
    "tool": 1,
    "user": null,
    "input_file": "test.gds",
    "run_dir": "C:\\Users\\thefi\\Desktop\\Interface\\edalauncher_project\\uploads\\runs\\718020eb0d164d5fbc23c45fd69fa547",
    "created_at": "2026-01-13T07:08:46.868Z",
    "completed_at": null,
    "status": "running",
    "stdout": "",
    "stderr": ""
  }
},
{
  "model": "launcher.toolrun",
  "pk": 10,
  "fields": {
    "tool": 1,
    "user": null,
    "input_file": "test.gds",
    "run_dir": "C:\\Users\\thefi\\Desktop\\Interface\\edalauncher_project\\uploads\\runs\\ee29ffba599f45bea46067c7da693f73",
    "created_at": "2026-01-13T07:53:29.930Z",
    "completed_at": null,
    "status": "running",
    "stdout": "",
    "stderr": ""
  }
},
{
  "model": "launcher.toolrun",
  "pk": 11,
  "fields": {
    "tool": 1,
    "user": null,
    "input_file": "test.gds",
    "run_dir": "C:\\Users\\thefi\\Desktop\\Interface\\edalauncher_project\\uploads\\runs\\2a0c0b45edfa4a1fbe728acb7f424f03",
    "created_at": "2026-01-13T08:08:48.090Z",
    "completed_at": null,
    "status": "running",
    "stdout": "",
    "stderr": ""
  }
},
{
  "model": "launcher.toolrun",
  "pk": 12,
  "fields": {
    "tool": 1,
    "user": null,
    "input_file": "test.gds",
    "run_dir": "C:\\Users\\thefi\\Desktop\\Interface\\edalauncher_project\\uploads\\runs\\19b96358e6f44f4cbb7700091bbf4a43",
    "created_at": "2026-01-13T12:34:02.736Z",
    "completed_at": null,
    "status": "running",
    "stdout": "",
    "stderr": ""
  }
},
{
  "model": "launcher.toolrun",
  "pk": 13,
  "fields": {
    "tool": 1,
    "user": null,
    "input_file": "test.gds",
    "run_dir": "C:\\Users\\thefi\\Desktop\\Interface\\edalauncher_project\\uploads\\runs\\c2ebbfa9d8734f9dbbc0dc3e78df0e13",
    "created_at": "2026-01-13T12:34:07.772Z",
    "completed_at": null,
    "status": "running",
    "stdout": "",
    "stderr": ""
  }
},
{
  "model": "launcher.toolrun",
  "pk": 14,
  "fields": {
    "tool": 1,
    "user": null,
    "input_file": "test.gds",
    "run_dir": "C:\\Users\\thefi\\Desktop\\Interface\\edalauncher_project\\uploads\\runs\\1a1e9109f87d44feb627e6ff4f7fe83c",
    "created_at": "2026-01-13T12:46:11.570Z",
    "completed_at": null,
    "status": "running",
    "stdout": "",
    "stderr": ""
  }
},
{
  "model": "launcher.toolrun",
  "pk": 15,
  "fields": {
    "tool": 1,
    "user": null,
    "input_file": "test.gds",
    "run_dir": "C:\\Users\\thefi\\Desktop\\Interface\\edalauncher_project\\uploads\\runs\\b567d3b9b7bf414089ae7316c18ef17c",
    "created_at": "2026-01-13T13:19:14.381Z",
    "completed_at": null,
    "status": "running",
    "stdout": "",
    "stderr": ""
  }
},
{
  "model": "launcher.toolrun",
  "pk": 16,
  "fields": {
    "tool": 1,
    "user": null,
    "input_file": "test.gds",
    "run_dir": "C:\\Users\\thefi\\Desktop\\Interface\\edalauncher_project\\uploads\\runs\\ee7906ad2fcf4c55beea7c3f9c19b879",
    "created_at": "2026-01-13T13:20:22.191Z",
    "completed_at": null,
    "status": "running",
    "stdout": "",
    "stderr": ""
  }
},
{
  "model": "launcher.toolrun",
  "pk": 17,
  "fields": {
    "tool": 1,
    "user": null,
    "input_file": "generated_design.gds",
    "run_dir": "C:\\Users\\thefi\\Desktop\\Interface\\edalauncher_project\\uploads\\runs\\cc1e8fdc02844e2fb04dfc5916202bf4",
    "created_at": "2026-01-14T05:40:41.579Z",
    "completed_at": null,
    "status": "running",
    "stdout": "",
    "stderr": ""
  }
},
{
  "model": "launcher.toolrun",
  "pk": 18,
  "fields": {
    "tool": 1,
    "user": null,
    "input_file": "generated_design.gds",
    "run_dir": "C:\\Users\\thefi\\Desktop\\Interface\\edalauncher_project\\uploads\\runs\\7da3e70ad74a4899b399f6912c3d7018",
    "created_at": "2026-01-14T08:38:36.031Z",
    "completed_at": null,
    "status": "running",
    "stdout": "",
    "stderr": ""
  }
},
{
  "model": "launcher.toolrun",
  "pk": 19,
  "fields": {
    "tool": 1,
    "user": null,
    "input_file": "generated_design.gds",
    "run_dir": "C:\\Users\\thefi\\Desktop\\Interface\\edalauncher_project\\uploads\\runs\\ee610344690d4c33a043d8733c3b5fcb",
    "created_at": "2026-01-14T10:53:09.945Z",
    "completed_at": null,
    "status": "running",
    "stdout": "",
    "stderr": ""
  }
},
{
  "model": "launcher.toolrun",
  "pk": 20,
  "fields": {
    "tool": 1,
    "user": null,
    "input_file": "generated_design.gds",
    "run_dir": "C:\\Users\\thefi\\Desktop\\Interface\\edalauncher_project\\uploads\\runs\\58d4e1e49d4844e1b223cfb856b62a7b",
    "created_at": "2026-01-14T11:05:40.369Z",
    "completed_at": null,
    "status": "running",
    "stdout": "",
    "stderr": ""
  }
},
{
  "model": "launcher.toolrun",
  "pk": 21,
  "fields": {
    "tool": 1,
    "user": null,
    "input_file": "generated_design.gds",
    "run_dir": "C:\\Users\\thefi\\Desktop\\Interface\\edalauncher_project\\uploads\\runs\\485c16e329444c7180ad4bafa336b547",
    "created_at": "2026-01-19T05:08:59.961Z",
    "completed_at": null,
    "status": "running",
    "stdout": "",
    "stderr": ""
  }
},
{
  "model": "launcher.toolrun",
  "pk": 22,
  "fields": {
    "tool": 1,
    "user": null,
    "input_file": "generated_design.gds",
    "run_dir": "C:\\Users\\thefi\\Desktop\\Interface\\edalauncher_project\\uploads\\runs\\1ff973cb48184c989b4a7bae82640976",
    "created_at": "2026-01-19T05:32:38.012Z",
    "completed_at": null,
    "status": "running",
    "stdout": "",
    "stderr": ""
  }
},
{
  "model": "launcher.toolrun",
  "pk": 23,
  "fields": {
    "tool": 1,
    "user": null,
    "input_file": "test.gds",
    "run_dir": "C:\\Users\\thefi\\Desktop\\Interface\\edalauncher_project\\uploads\\runs\\b2da445208e549799564e40f4fc0719b",
    "created_at": "2026-01-19T05:35:50.566Z",
    "completed_at": null,
    "status": "running",
    "stdout": "",
    "stderr": ""
  }
},
{
  "model": "launcher.toolrun",
  "pk": 24,
  "fields": {
    "tool": 1,
    "user": null,
    "input_file": "test.gds",
    "run_dir": "C:\\Users\\thefi\\Desktop\\Interface\\edalauncher_project\\uploads\\runs\\0bc326c587c04211abb4e7fb8b67719f",
    "created_at": "2026-01-19T11:14:57.081Z",
    "completed_at": null,
    "status": "running",
    "stdout": "",
    "stderr": ""
  }
},
{
  "model": "launcher.toolrun",
  "pk": 25,
  "fields": {
    "tool": 1,
    "user": null,
    "input_file": "test.gds",
    "run_dir": "C:\\Users\\thefi\\Desktop\\Interface\\edalauncher_project\\uploads\\runs\\7a5e80202d124ad8bbfe7a03a41a08f1",
    "created_at": "2026-01-19T14:19:27.746Z",
    "completed_at": null,
    "status": "running",
    "stdout": "",
    "stderr": ""
  }
},
{
  "model": "launcher.toolrun",
  "pk": 26,
  "fields": {
    "tool": 1,
    "user": null,
    "input_file": "test.gds",
    "run_dir": "C:\\Users\\thefi\\Desktop\\Interface\\edalauncher_project\\uploads\\runs\\1ee80ebc89cf42748a69e33b207ef4bb",
    "created_at": "2026-01-19T14:41:06.376Z",
    "completed_at": null,
    "status": "running",
    "stdout": "",
    "stderr": ""
  }
},
{
  "model": "launcher.toolrun",
  "pk": 27,
  "fields": {
    "tool": 1,
    "user": null,
    "input_file": "test.gds",
    "run_dir": "C:\\Users\\thefi\\Desktop\\Interface\\edalauncher_project\\uploads\\runs\\998cc1d4835e4348a990ed96cc2042b3",
    "created_at": "2026-01-20T11:15:08.341Z",
    "completed_at": null,
    "status": "running",
    "stdout": "",
    "stderr": ""
  }
},
{
  "model": "launcher.toolrun",
  "pk": 28,
  "fields": {
    "tool": 1,
    "user": null,
    "input_file": "test.gds",
    "run_dir": "C:\\Users\\thefi\\Desktop\\Interface\\edalauncher_project\\uploads\\runs\\dc1403b6ee0b4d809333c719aed2cf0d",
    "created_at": "2026-01-20T11:43:44.324Z",
    "completed_at": null,
    "status": "running",
    "stdout": "",
    "stderr": ""
  }
},
{
  "model": "launcher.toolrun",
  "pk": 29,
  "fields": {
    "tool": 1,
    "user": null,
    "input_file": "test.gds",
    "run_dir": "C:\\Users\\thefi\\Desktop\\Interface\\edalauncher_project\\uploads\\runs\\346ea14c3fe54da68059098143fd636f",
    "created_at": "2026-01-20T12:34:23.462Z",
    "completed_at": null,
    "status": "running",
    "stdout": "",
    "stderr": ""
  }
},
{
  "model": "launcher.toolrun",
  "pk": 30,
  "fields": {
    "tool": 1,
    "user": null,
    "input_file": "test.gds",
    "run_dir": "C:\\Users\\thefi\\Desktop\\Interface\\edalauncher_project\\uploads\\runs\\6fff5ce1239341829aa3a501d2861133",
    "created_at": "2026-01-20T12:35:27.044Z",
    "completed_at": null,
    "status": "running",
    "stdout": "",
    "stderr": ""
  }
},
{
  "model": "launcher.toolrun",
  "pk": 31,
  "fields": {
    "tool": 1,
    "user": null,
    "input_file": "test.gds",
    "run_dir": "C:\\Users\\thefi\\Desktop\\Interface\\edalauncher_project\\uploads\\runs\\beed12bd6f9d427d8563f94c23e2b530",
    "created_at": "2026-01-20T13:08:32.137Z",
    "completed_at": null,
    "status": "running",
    "stdout": "",
    "stderr": ""
  }
},
{
  "model": "launcher.toolrun",
  "pk": 32,
  "fields": {
    "tool": 1,
    "user": null,
    "input_file": "test.gds",
    "run_dir": "C:\\Users\\thefi\\Desktop\\Interface\\edalauncher_project\\uploads\\runs\\e01568f948dc489398adf4d40e8431de",
    "created_at": "2026-01-20T13:08:52.977Z",
    "completed_at": null,
    "status": "running",
    "stdout": "",
    "stderr": ""
  }
},
{
  "model": "launcher.toolrun",
  "pk": 33,
  "fields": {
    "tool": 1,
    "user": null,
    "input_file": "test.gds",
    "run_dir": "C:\\Users\\thefi\\Desktop\\Interface\\edalauncher_project\\uploads\\runs\\5a4c1bf7639048638d94b792f8dac5b4",
    "created_at": "2026-01-20T13:26:19.373Z",
    "completed_at": null,
    "status": "running",
    "stdout": "",
    "stderr": ""
  }
},
{
  "model": "launcher.toolrun",
  "pk": 34,
  "fields": {
    "tool": 1,
    "user": null,
    "input_file": "test.gds",
    "run_dir": "C:\\Users\\thefi\\Desktop\\Interface\\edalauncher_project\\uploads\\runs\\092dc48152a1477ca5d66126bd182436",
    "created_at": "2026-01-20T13:26:47.700Z",
    "completed_at": null,
    "status": "running",
    "stdout": "",
    "stderr": ""
  }
},
{
  "model": "launcher.toolrun",
  "pk": 35,
  "fields": {
    "tool": 1,
    "user": null,
    "input_file": "test.gds",
    "run_dir": "C:\\Users\\thefi\\Desktop\\Interface\\edalauncher_project\\uploads\\runs\\7d5b564d30254ea28760792e98a569d1",
    "created_at": "2026-01-20T13:39:14.000Z",
    "completed_at": null,
    "status": "running",
    "stdout": "",
    "stderr": ""
  }
},
{
  "model": "launcher.toolrun",
  "pk": 36,
  "fields": {
    "tool": 1,
    "user": null,
    "input_file": "test.gds",
    "run_dir": "C:\\Users\\thefi\\Desktop\\Interface\\edalauncher_project\\uploads\\runs\\d205e433bda744748f45bc1d901700c9",
    "created_at": "2026-01-20T13:40:05.950Z",
    "completed_at": null,
    "status": "running",
    "stdout": "",
    "stderr": ""
  }
},
{
  "model": "launcher.toolrun",
  "pk": 37,
  "fields": {
    "tool": 1,
    "user": null,
    "input_file": "test.gds",
    "run_dir": "C:\\Users\\thefi\\Desktop\\Interface\\edalauncher_project\\uploads\\runs\\ebb92ceccd9e44dfb0ac82115d56fc4b",
    "created_at": "2026-01-20T13:59:13.655Z",
    "completed_at": null,
    "status": "running",
    "stdout": "",
    "stderr": ""
  }
},
{
  "model": "launcher.toolrun",
  "pk": 38,
  "fields": {
    "tool": 1,
    "user": null,
    "input_file": "test.gds",
    "run_dir": "C:\\Users\\thefi\\Desktop\\Interface\\edalauncher_project\\uploads\\runs\\220a18d822f84b5f875cf0d92766b4a0",
    "created_at": "2026-01-21T06:29:45.892Z",
    "completed_at": null,
    "status": "running",
    "stdout": "",
    "stderr": ""
  }
},
{
  "model": "launcher.toolrun",
  "pk": 39,
  "fields": {
    "tool": 1,
    "user": null,
    "input_file": "test.gds",
    "run_dir": "C:\\Users\\thefi\\Desktop\\Interface\\edalauncher_project\\uploads\\runs\\3200bf12862144139381779ab23f8b82",
    "created_at": "2026-01-21T12:51:02.624Z",
    "completed_at": null,
    "status": "running",
    "stdout": "",
    "stderr": ""
  }
},
{
  "model": "launcher.toolrun",
  "pk": 40,
  "fields": {
    "tool": 1,
    "user": null,
    "input_file": "test.gds",
    "run_dir": "C:\\Users\\thefi\\Desktop\\Interface\\edalauncher_project\\uploads\\runs\\8309c1fe22f0400cb679dba5b61de5d5",
    "created_at": "2026-01-23T12:46:56.849Z",
    "completed_at": null,
    "status": "running",
    "stdout": "",
    "stderr": ""
  }
},
{
  "model": "launcher.toolrun",
  "pk": 41,
  "fields": {
    "tool": 1,
    "user": null,
    "input_file": "test.gds",
    "run_dir": "C:\\Users\\thefi\\Desktop\\Interface\\edalauncher_project\\uploads\\runs\\66b444fcdf0c427fa8803c16f07da758",
    "created_at": "2026-01-29T05:34:47.726Z",
    "completed_at": null,
    "status": "running",
    "stdout": "",
    "stderr": ""
  }
},
{
  "model": "launcher.toolrun",
  "pk": 42,
  "fields": {
    "tool": 1,
    "user": null,
    "input_file": "test.gds",
    "run_dir": "C:\\Users\\thefi\\Desktop\\Interface\\edalauncher_project\\uploads\\runs\\07ff3a53afb549c096bf02cd13332b2b",
    "created_at": "2026-01-29T08:29:39.001Z",
    "completed_at": null,
    "status": "running",
    "stdout": "",
    "stderr": ""
  }
},
{
  "model": "launcher.toolrun",
  "pk": 43,
  "fields": {
    "tool": 1,
    "user": null,
    "input_file": "test.gds",
    "run_dir": "C:\\Users\\thefi\\Desktop\\Interface\\edalauncher_project\\uploads\\runs\\8daf15b51afa4846ab597f3dce839913",
    "created_at": "2026-01-30T12:09:24.754Z",
    "completed_at": null,
    "status": "running",
    "stdout": "",
    "stderr": ""
  }
},
{
  "model": "launcher.toolrun",
  "pk": 44,
  "fields": {
    "tool": 1,
    "user": 1,
    "input_file": "generated_design.gds",
    "run_dir": "C:\\Users\\thefi\\Desktop\\Interface\\edalauncher_project\\uploads\\runs\\6e28eed9b4da42408f76e907b14507e1",
    "created_at": "2026-02-11T06:43:24.398Z",
    "completed_at": null,
    "status": "running",
    "stdout": "",
    "stderr": ""
  }
},
{
  "model": "launcher.toolrun",
  "pk": 45,
  "fields": {
    "tool": 1,
    "user": 1,
    "input_file": "generated_design.gds",
    "run_dir": "C:\\Users\\thefi\\Desktop\\Interface\\edalauncher_project\\uploads\\runs\\32611a2be59048d4992414198205bd18",
    "created_at": "2026-02-11T13:08:23.057Z",
    "completed_at": null,
    "status": "running",
    "stdout": "",
    "stderr": ""
  }
},
{
  "model": "launcher.toolrun",
  "pk": 46,
  "fields": {
    "tool": 1,
    "user": 1,
    "input_file": "generated_design.gds",
    "run_dir": "C:\\Users\\thefi\\Desktop\\Interface\\edalauncher_project\\uploads\\runs\\3c7fbb13fc4c41fc98e37dd58835dcc2",
    "created_at": "2026-02-11T13:20:37.315Z",
    "completed_at": null,
    "status": "running",
    "stdout": "",
    "stderr": ""
  }
},
{
  "model": "launcher.toolrun",
  "pk": 47,
  "fields": {
    "tool": 1,
    "user": 1,
    "input_file": "generated_design.gds",
    "run_dir": "C:\\Users\\thefi\\Desktop\\Interface\\edalauncher_project\\uploads\\runs\\3dd87ff7e8d3495cb386212fcff57bca",
    "created_at": "2026-02-11T13:47:00.249Z",
    "completed_at": null,
    "status": "running",
    "stdout": "",
    "stderr": ""
  }
},
{
  "model": "launcher.toolrun",
  "pk": 48,
  "fields": {
    "tool": 1,
    "user": 1,
    "input_file": "generated_design.gds",
    "run_dir": "C:\\Users\\thefi\\Desktop\\Interface\\edalauncher_project\\uploads\\runs\\4ed4cf48ae35485e8108b7f5a984a402",
    "created_at": "2026-04-07T12:49:06.739Z",
    "completed_at": null,
    "status": "running",
    "stdout": "",
    "stderr": ""
  }
},
{
  "model": "launcher.presentationtemplate",
  "pk": 1,
  "fields": {
    "key": "standard",
    "name": "Standard Review",
    "description": "Default technical review",
    "base_template": "launcher/presentation/detail.html"
  }
},
{
  "model": "launcher.presentationtemplate",
  "pk": 2,
  "fields": {
    "key": "engineering",
    "name": "Engineering Focus",
    "description": "Deep technical layout",
    "base_template": "launcher/presentation/detail.html"
  }
},
{
  "model": "launcher.presentationtemplate",
  "pk": 3,
  "fields": {
    "key": "executive",
    "name": "Executive Summary",
    "description": "High-level executive view",
    "base_template": "launcher/presentation/detail.html"
  }
},
{
  "model": "launcher.presentationtemplate",
  "pk": 4,
  "fields": {
    "key": "darkboard",
    "name": "Dark Boardroom",
    "description": "Dark professional layout",
    "base_template": "launcher/presentation/detail.html"
  }
},
{
  "model": "launcher.presentationtheme",
  "pk": 1,
  "fields": {
    "key": "dark",
    "name": "Dark Pro",
    "css_file": "css/themes/dark.css"
  }
},
{
  "model": "launcher.presentationtheme",
  "pk": 2,
  "fields": {
    "key": "light",
    "name": "Light Clean",
    "css_file": "css/themes/light.css"
  }
},
{
  "model": "launcher.presentationtheme",
  "pk": 3,
  "fields": {
    "key": "blueprint",
    "name": "Blueprint",
    "css_file": "css/themes/blueprint.css"
  }
},
{
  "model": "launcher.presentation",
  "pk": 1,
  "fields": {
    "title": "KLayout Review – Run 3",
    "description": "",
    "created_by": null,
    "created_at": "2026-01-13T05:37:25.528Z",
    "run": 3,
    "template": 1,
    "theme": 1
  }
},
{
  "model": "launcher.presentation",
  "pk": 2,
  "fields": {
    "title": "KLayout Review – Run 4",
    "description": "Auto-generated presentation from KLayout run",
    "created_by": null,
    "created_at": "2026-01-13T05:46:21.010Z",
    "run": 4,
    "template": 1,
    "theme": 1
  }
},
{
  "model": "launcher.presentation",
  "pk": 3,
  "fields": {
    "title": "KLayout Review – Run 5",
    "description": "Auto-generated presentation from KLayout run",
    "created_by": null,
    "created_at": "2026-01-13T05:58:42.274Z",
    "run": 5,
    "template": 1,
    "theme": 1
  }
},
{
  "model": "launcher.presentation",
  "pk": 4,
  "fields": {
    "title": "KLayout Review – Run 6",
    "description": "Auto-generated presentation from KLayout run",
    "created_by": null,
    "created_at": "2026-01-13T06:08:45.388Z",
    "run": 6,
    "template": 1,
    "theme": 1
  }
},
{
  "model": "launcher.presentation",
  "pk": 5,
  "fields": {
    "title": "KLayout Review – Run 7",
    "description": "Auto-generated presentation from KLayout run",
    "created_by": null,
    "created_at": "2026-01-13T06:34:27.931Z",
    "run": 7,
    "template": 1,
    "theme": 1
  }
},
{
  "model": "launcher.presentation",
  "pk": 6,
  "fields": {
    "title": "KLayout Review – Run 8",
    "description": "Auto-generated presentation from KLayout run",
    "created_by": null,
    "created_at": "2026-01-13T06:53:14.902Z",
    "run": 8,
    "template": 2,
    "theme": 1
  }
},
{
  "model": "launcher.presentation",
  "pk": 7,
  "fields": {
    "title": "KLayout Review – Run 9",
    "description": "Auto-generated presentation from KLayout run",
    "created_by": null,
    "created_at": "2026-01-13T07:08:52.270Z",
    "run": 9,
    "template": 2,
    "theme": 1
  }
},
{
  "model": "launcher.presentation",
  "pk": 8,
  "fields": {
    "title": "KLayout Review – Run 10",
    "description": "Auto-generated presentation from KLayout run",
    "created_by": null,
    "created_at": "2026-01-13T07:53:38.018Z",
    "run": 10,
    "template": 3,
    "theme": 1
  }
},
{
  "model": "launcher.presentation",
  "pk": 9,
  "fields": {
    "title": "KLayout Review – Run 11",
    "description": "Auto-generated presentation from KLayout run",
    "created_by": null,
    "created_at": "2026-01-13T08:08:53.395Z",
    "run": 11,
    "template": 2,
    "theme": 3
  }
},
{
  "model": "launcher.presentation",
  "pk": 10,
  "fields": {
    "title": "KLayout Review – Run 12",
    "description": "Auto-generated presentation from KLayout run",
    "created_by": null,
    "created_at": "2026-01-13T12:34:08.197Z",
    "run": 12,
    "template": 3,
    "theme": 1
  }
},
{
  "model": "launcher.presentation",
  "pk": 11,
  "fields": {
    "title": "KLayout Review – Run 13",
    "description": "Auto-generated presentation from KLayout run",
    "created_by": null,
    "created_at": "2026-01-13T12:34:12.961Z",
    "run": 13,
    "template": 1,
    "theme": 1
  }
},
{
  "model": "launcher.presentation",
  "pk": 12,
  "fields": {
    "title": "KLayout Review – Run 14",
    "description": "Auto-generated presentation from KLayout run",
    "created_by": null,
    "created_at": "2026-01-13T12:46:19.503Z",
    "run": 14,
    "template": 3,
    "theme": 1
  }
},
{
  "model": "launcher.presentation",
  "pk": 13,
  "fields": {
    "title": "KLayout Review – Run 15",
    "description": "Auto-generated presentation from KLayout run",
    "created_by": null,
    "created_at": "2026-01-13T13:19:21.832Z",
    "run": 15,
    "template": 1,
    "theme": 1
  }
},
{
  "model": "launcher.presentation",
  "pk": 14,
  "fields": {
    "title": "KLayout Review – Run 16",
    "description": "Auto-generated presentation from KLayout run",
    "created_by": null,
    "created_at": "2026-01-13T13:20:28.710Z",
    "run": 16,
    "template": 1,
    "theme": 3
  }
},
{
  "model": "launcher.presentation",
  "pk": 15,
  "fields": {
    "title": "KLayout Review – Run 17",
    "description": "Auto-generated presentation from KLayout run",
    "created_by": null,
    "created_at": "2026-01-14T05:40:48.392Z",
    "run": 17,
    "template": 1,
    "theme": 1
  }
},
{
  "model": "launcher.presentation",
  "pk": 16,
  "fields": {
    "title": "KLayout Review – Run 18",
    "description": "Auto-generated presentation from KLayout run",
    "created_by": null,
    "created_at": "2026-01-14T08:38:47.634Z",
    "run": 18,
    "template": 1,
    "theme": 3
  }
},
{
  "model": "launcher.presentation",
  "pk": 17,
  "fields": {
    "title": "KLayout Review – Run 19",
    "description": "Auto-generated presentation from KLayout run",
    "created_by": null,
    "created_at": "2026-01-14T10:53:21.953Z",
    "run": 19,
    "template": 1,
    "theme": 1
  }
},
{
  "model": "launcher.presentation",
  "pk": 18,
  "fields": {
    "title": "KLayout Review – Run 20",
    "description": "Auto-generated presentation from KLayout run",
    "created_by": null,
    "created_at": "2026-01-14T11:05:53.389Z",
    "run": 20,
    "template": 1,
    "theme": 1
  }
},
{
  "model": "launcher.presentation",
  "pk": 19,
  "fields": {
    "title": "KLayout Review – Run 21",
    "description": "Auto-generated presentation from KLayout run",
    "created_by": null,
    "created_at": "2026-01-19T05:09:25.616Z",
    "run": 21,
    "template": 1,
    "theme": 3
  }
},
{
  "model": "launcher.presentation",
  "pk": 20,
  "fields": {
    "title": "KLayout Review – Run 22",
    "description": "Auto-generated presentation from KLayout run",
    "created_by": null,
    "created_at": "2026-01-19T05:32:50.273Z",
    "run": 22,
    "template": 1,
    "theme": 1
  }
},
{
  "model": "launcher.presentation",
  "pk": 21,
  "fields": {
    "title": "KLayout Review – Run 23",
    "description": "Auto-generated presentation from KLayout run",
    "created_by": null,
    "created_at": "2026-01-19T05:35:57.839Z",
    "run": 23,
    "template": 1,
    "theme": 3
  }
},
{
  "model": "launcher.presentation",
  "pk": 22,
  "fields": {
    "title": "KLayout Review – Run 24",
    "description": "Auto-generated presentation from KLayout run",
    "created_by": null,
    "created_at": "2026-01-19T11:15:04.257Z",
    "run": 24,
    "template": 1,
    "theme": 1
  }
},
{
  "model": "launcher.presentation",
  "pk": 23,
  "fields": {
    "title": "KLayout Review – Run 25",
    "description": "Auto-generated presentation from KLayout run",
    "created_by": null,
    "created_at": "2026-01-19T14:19:32.709Z",
    "run": 25,
    "template": 1,
    "theme": 1
  }
},
{
  "model": "launcher.presentation",
  "pk": 24,
  "fields": {
    "title": "KLayout Review – Run 26",
    "description": "Auto-generated presentation from KLayout run",
    "created_by": null,
    "created_at": "2026-01-19T14:41:11.851Z",
    "run": 26,
    "template": 1,
    "theme": 1
  }
},
{
  "model": "launcher.presentation",
  "pk": 25,
  "fields": {
    "title": "KLayout Review – Run 27",
    "description": "Auto-generated presentation from KLayout run",
    "created_by": null,
    "created_at": "2026-01-20T11:15:15.979Z",
    "run": 27,
    "template": 1,
    "theme": 1
  }
},
{
  "model": "launcher.presentation",
  "pk": 26,
  "fields": {
    "title": "KLayout Review – Run 28",
    "description": "Auto-generated presentation from KLayout run",
    "created_by": null,
    "created_at": "2026-01-20T11:43:51.273Z",
    "run": 28,
    "template": 1,
    "theme": 1
  }
},
{
  "model": "launcher.presentation",
  "pk": 27,
  "fields": {
    "title": "KLayout Review – Run 29",
    "description": "Auto-generated presentation from KLayout run",
    "created_by": null,
    "created_at": "2026-01-20T12:34:30.308Z",
    "run": 29,
    "template": 1,
    "theme": 1
  }
},
{
  "model": "launcher.presentation",
  "pk": 28,
  "fields": {
    "title": "KLayout Review – Run 30",
    "description": "Auto-generated presentation from KLayout run",
    "created_by": null,
    "created_at": "2026-01-20T12:35:33.281Z",
    "run": 30,
    "template": 1,
    "theme": 1
  }
},
{
  "model": "launcher.presentation",
  "pk": 29,
  "fields": {
    "title": "KLayout Review – Run 31",
    "description": "Auto-generated presentation from KLayout run",
    "created_by": null,
    "created_at": "2026-01-20T13:08:40.916Z",
    "run": 31,
    "template": 1,
    "theme": 1
  }
},
{
  "model": "launcher.presentation",
  "pk": 30,
  "fields": {
    "title": "KLayout Review – Run 32",
    "description": "Auto-generated presentation from KLayout run",
    "created_by": null,
    "created_at": "2026-01-20T13:08:55.581Z",
    "run": 32,
    "template": 1,
    "theme": 1
  }
},
{
  "model": "launcher.presentation",
  "pk": 31,
  "fields": {
    "title": "KLayout Review – Run 33",
    "description": "Auto-generated presentation from KLayout run",
    "created_by": null,
    "created_at": "2026-01-20T13:26:25.111Z",
    "run": 33,
    "template": 1,
    "theme": 1
  }
},
{
  "model": "launcher.presentation",
  "pk": 32,
  "fields": {
    "title": "KLayout Review – Run 34",
    "description": "Auto-generated presentation from KLayout run",
    "created_by": null,
    "created_at": "2026-01-20T13:26:49.370Z",
    "run": 34,
    "template": 1,
    "theme": 1
  }
},
{
  "model": "launcher.presentation",
  "pk": 33,
  "fields": {
    "title": "KLayout Review – Run 35",
    "description": "Auto-generated presentation from KLayout run",
    "created_by": null,
    "created_at": "2026-01-20T13:39:20.372Z",
    "run": 35,
    "template": 1,
    "theme": 1
  }
},
{
  "model": "launcher.presentation",
  "pk": 34,
  "fields": {
    "title": "KLayout Review – Run 36",
    "description": "Auto-generated presentation from KLayout run",
    "created_by": null,
    "created_at": "2026-01-20T13:40:10.198Z",
    "run": 36,
    "template": 3,
    "theme": 3
  }
},
{
  "model": "launcher.presentation",
  "pk": 35,
  "fields": {
    "title": "KLayout Review – Run 37",
    "description": "Auto-generated presentation from KLayout run",
    "created_by": null,
    "created_at": "2026-01-20T13:59:21.989Z",
    "run": 37,
    "template": 1,
    "theme": 1
  }
},
{
  "model": "launcher.presentation",
  "pk": 36,
  "fields": {
    "title": "KLayout Review – Run 38",
    "description": "Auto-generated presentation from KLayout run",
    "created_by": null,
    "created_at": "2026-01-21T06:29:55.042Z",
    "run": 38,
    "template": 1,
    "theme": 1
  }
},
{
  "model": "launcher.presentation",
  "pk": 37,
  "fields": {
    "title": "KLayout Review – Run 39",
    "description": "Auto-generated presentation from KLayout run",
    "created_by": null,
    "created_at": "2026-01-21T12:51:09.312Z",
    "run": 39,
    "template": 1,
    "theme": 1
  }
},
{
  "model": "launcher.presentation",
  "pk": 38,
  "fields": {
    "title": "KLayout Review – Run 40",
    "description": "Auto-generated presentation from KLayout run",
    "created_by": null,
    "created_at": "2026-01-23T12:47:03.170Z",
    "run": 40,
    "template": 1,
    "theme": 3
  }
},
{
  "model": "launcher.presentation",
  "pk": 39,
  "fields": {
    "title": "KLayout Review – Run 41",
    "description": "Auto-generated presentation from KLayout run",
    "created_by": null,
    "created_at": "2026-01-29T05:34:54.915Z",
    "run": 41,
    "template": 1,
    "theme": 1
  }
},
{
  "model": "launcher.presentation",
  "pk": 40,
  "fields": {
    "title": "KLayout Review – Run 42",
    "description": "Auto-generated presentation from KLayout run",
    "created_by": null,
    "created_at": "2026-01-29T08:29:46.140Z",
    "run": 42,
    "template": 1,
    "theme": 1
  }
},
{
  "model": "launcher.presentation",
  "pk": 41,
  "fields": {
    "title": "KLayout Review – Run 43",
    "description": "Auto-generated presentation from KLayout run",
    "created_by": null,
    "created_at": "2026-01-30T12:09:31.533Z",
    "run": 43,
    "template": 1,
    "theme": 1
  }
},
{
  "model": "launcher.presentation",
  "pk": 42,
  "fields": {
    "title": "New Design Review",
    "description": "",
    "created_by": null,
    "created_at": "2026-02-02T05:43:59.211Z",
    "run": null,
    "template": null,
    "theme": null
  }
},
{
  "model": "launcher.presentation",
  "pk": 43,
  "fields": {
    "title": "KLayout Review – Run 44",
    "description": "Auto-generated presentation from KLayout run",
    "created_by": null,
    "created_at": "2026-02-11T06:43:38.560Z",
    "run": 44,
    "template": 1,
    "theme": 1
  }
},
{
  "model": "launcher.presentation",
  "pk": 44,
  "fields": {
    "title": "KLayout Review – Run 45",
    "description": "Auto-generated presentation from KLayout run",
    "created_by": null,
    "created_at": "2026-02-11T13:08:35.111Z",
    "run": 45,
    "template": 1,
    "theme": 1
  }
},
{
  "model": "launcher.presentation",
  "pk": 45,
  "fields": {
    "title": "KLayout Review – Run 46",
    "description": "Auto-generated presentation from KLayout run",
    "created_by": null,
    "created_at": "2026-02-11T13:20:48.942Z",
    "run": 46,
    "template": 1,
    "theme": 1
  }
},
{
  "model": "launcher.presentation",
  "pk": 46,
  "fields": {
    "title": "KLayout Review – Run 47",
    "description": "Auto-generated presentation from KLayout run",
    "created_by": null,
    "created_at": "2026-02-11T13:47:12.598Z",
    "run": 47,
    "template": 1,
    "theme": 1
  }
},
{
  "model": "launcher.presentation",
  "pk": 47,
  "fields": {
    "title": "KLayout Review – Run 48",
    "description": "Auto-generated presentation from KLayout run",
    "created_by": null,
    "created_at": "2026-04-07T12:49:22.504Z",
    "run": 48,
    "template": 1,
    "theme": 1
  }
},
{
  "model": "launcher.slide",
  "pk": "00a04239-7169-42a3-bffb-cc90bcc51fcb",
  "fields": {
    "presentation": 21,
    "title": "Logs",
    "order": 3
  }
},
{
  "model": "launcher.slide",
  "pk": "02efe958-5d23-4716-ae1c-ab0ca9921a4d",
  "fields": {
    "presentation": 37,
    "title": "Layout View",
    "order": 1
  }
},
{
  "model": "launcher.slide",
  "pk": "03325a7d-1c68-425c-b231-e2dcd1a99d6f",
  "fields": {
    "presentation": 31,
    "title": "Logs",
    "order": 3
  }
},
{
  "model": "launcher.slide",
  "pk": "03798d8d-fdb7-4bd8-9bec-ec64651725b9",
  "fields": {
    "presentation": 19,
    "title": "Logs",
    "order": 3
  }
},
{
  "model": "launcher.slide",
  "pk": "0b5465a2-a582-4f7e-828f-010a45b6e97d",
  "fields": {
    "presentation": 32,
    "title": "Logs",
    "order": 3
  }
},
{
  "model": "launcher.slide",
  "pk": "0b741089-43ab-4e80-a6bb-0eaa5f265792",
  "fields": {
    "presentation": 14,
    "title": "Logs",
    "order": 3
  }
},
{
  "model": "launcher.slide",
  "pk": "0df703a2-15ac-4e1a-9566-988b7a5e9f93",
  "fields": {
    "presentation": 18,
    "title": "Logs",
    "order": 3
  }
},
{
  "model": "launcher.slide",
  "pk": "0e4f7154-54a1-4441-a926-b17e7f92113f",
  "fields": {
    "presentation": 8,
    "title": "Metadata",
    "order": 2
  }
},
{
  "model": "launcher.slide",
  "pk": "1286b214-4b69-44b8-8b78-05517dfc7ae6",
  "fields": {
    "presentation": 44,
    "title": "Logs",
    "order": 3
  }
},
{
  "model": "launcher.slide",
  "pk": "154c5b0a-053f-4c10-a7f4-f4e3f40ff9a9",
  "fields": {
    "presentation": 44,
    "title": "Layout View",
    "order": 1
  }
},
{
  "model": "launcher.slide",
  "pk": "16a82101-ca86-46e6-bc49-19d474a573cf",
  "fields": {
    "presentation": 22,
    "title": "Layout View",
    "order": 1
  }
},
{
  "model": "launcher.slide",
  "pk": "17ad5bc5-cd8b-40f6-93b3-5972561293d5",
  "fields": {
    "presentation": 31,
    "title": "Layout View",
    "order": 1
  }
},
{
  "model": "launcher.slide",
  "pk": "1884e433-bea8-4a35-b522-af9421ac00cb",
  "fields": {
    "presentation": 33,
    "title": "Metadata",
    "order": 2
  }
},
{
  "model": "launcher.slide",
  "pk": "1951293d-b8cd-4d85-bba2-d2256e1cbbac",
  "fields": {
    "presentation": 7,
    "title": "Metadata",
    "order": 2
  }
},
{
  "model": "launcher.slide",
  "pk": "1aac2df6-9a25-48ea-8952-067162b3306c",
  "fields": {
    "presentation": 12,
    "title": "Logs",
    "order": 3
  }
},
{
  "model": "launcher.slide",
  "pk": "1d360528-3d12-4a19-992c-abf82bd5011a",
  "fields": {
    "presentation": 37,
    "title": "Metadata",
    "order": 2
  }
},
{
  "model": "launcher.slide",
  "pk": "1fc243ac-fb26-4af9-be57-4cab29b37c4f",
  "fields": {
    "presentation": 32,
    "title": "Layout View",
    "order": 1
  }
},
{
  "model": "launcher.slide",
  "pk": "1fd30f17-b0b0-4aaf-9256-43ebe7bbb7bc",
  "fields": {
    "presentation": 16,
    "title": "Layout View",
    "order": 1
  }
},
{
  "model": "launcher.slide",
  "pk": "200315ea-708d-437d-a340-eae8c2102c61",
  "fields": {
    "presentation": 22,
    "title": "Logs",
    "order": 3
  }
},
{
  "model": "launcher.slide",
  "pk": "20cd9b94-9fa1-4153-99c6-deaae3874d22",
  "fields": {
    "presentation": 20,
    "title": "Logs",
    "order": 3
  }
},
{
  "model": "launcher.slide",
  "pk": "2202e8d5-b4aa-47b0-a7fc-ad05e5ebb3c2",
  "fields": {
    "presentation": 5,
    "title": "Metadata",
    "order": 2
  }
},
{
  "model": "launcher.slide",
  "pk": "229a8a63-91ad-456d-9772-def8364b5d42",
  "fields": {
    "presentation": 4,
    "title": "Metadata",
    "order": 3
  }
},
{
  "model": "launcher.slide",
  "pk": "22e8936b-34b2-4bc0-8dfd-de0e0f577360",
  "fields": {
    "presentation": 39,
    "title": "Metadata",
    "order": 2
  }
},
{
  "model": "launcher.slide",
  "pk": "26f9e65b-910f-4d50-82d5-804fb559754e",
  "fields": {
    "presentation": 20,
    "title": "Layout View",
    "order": 1
  }
},
{
  "model": "launcher.slide",
  "pk": "279189c1-7e23-4e39-b4b3-5ba38368fb2a",
  "fields": {
    "presentation": 5,
    "title": "Logs",
    "order": 3
  }
},
{
  "model": "launcher.slide",
  "pk": "29990d3f-6b3e-4c6e-9dc1-acd0e19ec2b9",
  "fields": {
    "presentation": 14,
    "title": "Metadata",
    "order": 2
  }
},
{
  "model": "launcher.slide",
  "pk": "29a71fd5-6afa-4172-99cf-38a1cb9f29c2",
  "fields": {
    "presentation": 22,
    "title": "Metadata",
    "order": 2
  }
},
{
  "model": "launcher.slide",
  "pk": "2a18b092-6e74-43f4-95d1-14d9564484a2",
  "fields": {
    "presentation": 13,
    "title": "Layout View",
    "order": 1
  }
},
{
  "model": "launcher.slide",
  "pk": "2be407cd-5151-47fc-b51f-c707dbd2e99b",
  "fields": {
    "presentation": 34,
    "title": "Logs",
    "order": 3
  }
},
{
  "model": "launcher.slide",
  "pk": "2bed69d7-98d3-4424-802d-1f159e875a68",
  "fields": {
    "presentation": 40,
    "title": "Logs",
    "order": 3
  }
},
{
  "model": "launcher.slide",
  "pk": "3ab5b857-23ea-41bb-9c6e-b177cff411f6",
  "fields": {
    "presentation": 6,
    "title": "Metadata",
    "order": 2
  }
},
{
  "model": "launcher.slide",
  "pk": "3dde15fe-a2f5-48f0-a64c-5018451d434f",
  "fields": {
    "presentation": 12,
    "title": "Layout View",
    "order": 1
  }
},
{
  "model": "launcher.slide",
  "pk": "3e281693-2346-4c02-92c4-3fb9af447305",
  "fields": {
    "presentation": 24,
    "title": "Layout View",
    "order": 1
  }
},
{
  "model": "launcher.slide",
  "pk": "4144bb7d-a18c-4b55-95d2-187cc39a0fea",
  "fields": {
    "presentation": 24,
    "title": "Metadata",
    "order": 2
  }
},
{
  "model": "launcher.slide",
  "pk": "4483cf01-daf8-44c8-98a1-9aa2f810bea2",
  "fields": {
    "presentation": 20,
    "title": "Metadata",
    "order": 2
  }
},
{
  "model": "launcher.slide",
  "pk": "46d4b487-dcac-474f-9641-7abcddf8ec85",
  "fields": {
    "presentation": 26,
    "title": "Metadata",
    "order": 2
  }
},
{
  "model": "launcher.slide",
  "pk": "486a83c3-030f-448d-9cf6-5fa886f715d2",
  "fields": {
    "presentation": 16,
    "title": "Logs",
    "order": 3
  }
},
{
  "model": "launcher.slide",
  "pk": "49029c2c-9999-46bc-b104-8df4c9fb9012",
  "fields": {
    "presentation": 11,
    "title": "Metadata",
    "order": 2
  }
},
{
  "model": "launcher.slide",
  "pk": "492eea2c-9622-443e-9660-679b8c82d661",
  "fields": {
    "presentation": 36,
    "title": "Layout View",
    "order": 1
  }
},
{
  "model": "launcher.slide",
  "pk": "4a845067-e99f-4b8f-a502-8ef8c4d9bf1a",
  "fields": {
    "presentation": 9,
    "title": "Metadata",
    "order": 2
  }
},
{
  "model": "launcher.slide",
  "pk": "51c9d8d2-fc3f-427c-ad7b-d7da3acd34e8",
  "fields": {
    "presentation": 17,
    "title": "Metadata",
    "order": 2
  }
},
{
  "model": "launcher.slide",
  "pk": "522bd491-b7e1-4d1a-bdbf-d8e71f09cf3d",
  "fields": {
    "presentation": 6,
    "title": "Layout View",
    "order": 1
  }
},
{
  "model": "launcher.slide",
  "pk": "5398321a-f560-439c-bf1f-a9fb7801d7a2",
  "fields": {
    "presentation": 38,
    "title": "Metadata",
    "order": 2
  }
},
{
  "model": "launcher.slide",
  "pk": "56e9bfbf-8686-4cfd-91ee-cea121142ad7",
  "fields": {
    "presentation": 13,
    "title": "Logs",
    "order": 3
  }
},
{
  "model": "launcher.slide",
  "pk": "57a87d25-17ef-41f6-8fc0-03396039a75f",
  "fields": {
    "presentation": 19,
    "title": "Metadata",
    "order": 2
  }
},
{
  "model": "launcher.slide",
  "pk": "5b8820d2-d9a2-4246-8f2b-7e1a9aaaaa90",
  "fields": {
    "presentation": 28,
    "title": "Metadata",
    "order": 2
  }
},
{
  "model": "launcher.slide",
  "pk": "61615463-9709-4fce-a898-c8e202b09de0",
  "fields": {
    "presentation": 10,
    "title": "Layout View",
    "order": 1
  }
},
{
  "model": "launcher.slide",
  "pk": "67f61ea6-5264-4ba8-806c-46b49f7dac42",
  "fields": {
    "presentation": 46,
    "title": "Layout View",
    "order": 1
  }
},
{
  "model": "launcher.slide",
  "pk": "68230ddc-057e-49aa-bcca-06d3898c1976",
  "fields": {
    "presentation": 45,
    "title": "Logs",
    "order": 3
  }
},
{
  "model": "launcher.slide",
  "pk": "6b7f11bc-7335-445f-8656-cc025ddda5e8",
  "fields": {
    "presentation": 29,
    "title": "Metadata",
    "order": 2
  }
},
{
  "model": "launcher.slide",
  "pk": "6deabeae-71e7-4074-a41b-9ac6fdd8f5fd",
  "fields": {
    "presentation": 28,
    "title": "Logs",
    "order": 3
  }
},
{
  "model": "launcher.slide",
  "pk": "6edc6cc6-c34e-4631-9b26-f6f61a4f417d",
  "fields": {
    "presentation": 12,
    "title": "Metadata",
    "order": 2
  }
},
{
  "model": "launcher.slide",
  "pk": "70261279-4364-4517-a4a2-522c4529ce2e",
  "fields": {
    "presentation": 45,
    "title": "Metadata",
    "order": 2
  }
},
{
  "model": "launcher.slide",
  "pk": "732be514-4801-4339-9761-35e80ca88426",
  "fields": {
    "presentation": 7,
    "title": "Layout View",
    "order": 1
  }
},
{
  "model": "launcher.slide",
  "pk": "73d369a7-55db-45ac-a13f-c3f8a79b92af",
  "fields": {
    "presentation": 26,
    "title": "Layout View",
    "order": 1
  }
},
{
  "model": "launcher.slide",
  "pk": "7542e649-0151-4a8b-8fb1-72235530bb20",
  "fields": {
    "presentation": 36,
    "title": "Metadata",
    "order": 2
  }
},
{
  "model": "launcher.slide",
  "pk": "762ee133-92e5-4408-b567-9aa967037e04",
  "fields": {
    "presentation": 19,
    "title": "Layout View",
    "order": 1
  }
},
{
  "model": "launcher.slide",
  "pk": "7843b726-ea7e-44fe-8656-e1b4a3ce6522",
  "fields": {
    "presentation": 30,
    "title": "Layout View",
    "order": 1
  }
},
{
  "model": "launcher.slide",
  "pk": "78f642fb-0146-4915-b3b6-03fed83ac5c3",
  "fields": {
    "presentation": 18,
    "title": "Layout View",
    "order": 1
  }
},
{
  "model": "launcher.slide",
  "pk": "795ec4c2-f627-4a1c-89cc-37fe067a65fc",
  "fields": {
    "presentation": 32,
    "title": "Metadata",
    "order": 2
  }
},
{
  "model": "launcher.slide",
  "pk": "7a720b0e-0f37-4e3d-ab92-fbe55a0eef31",
  "fields": {
    "presentation": 43,
    "title": "Logs",
    "order": 3
  }
},
{
  "model": "launcher.slide",
  "pk": "7ec68f05-5f48-4f56-9d9f-bcf820db3aeb",
  "fields": {
    "presentation": 40,
    "title": "Metadata",
    "order": 2
  }
},
{
  "model": "launcher.slide",
  "pk": "7eef96af-d25b-476b-9a10-47d917f45bc4",
  "fields": {
    "presentation": 34,
    "title": "Metadata",
    "order": 2
  }
},
{
  "model": "launcher.slide",
  "pk": "802296a2-6646-47ce-8dd5-127a1da301d5",
  "fields": {
    "presentation": 25,
    "title": "Logs",
    "order": 3
  }
},
{
  "model": "launcher.slide",
  "pk": "804986b3-95d4-4dde-b9d4-dc4579b0ed7e",
  "fields": {
    "presentation": 30,
    "title": "Metadata",
    "order": 2
  }
},
{
  "model": "launcher.slide",
  "pk": "805c6c65-519f-4ad0-9300-b7e3cb140b04",
  "fields": {
    "presentation": 46,
    "title": "Metadata",
    "order": 2
  }
},
{
  "model": "launcher.slide",
  "pk": "81b21694-d69c-4d77-81fb-334e63a38536",
  "fields": {
    "presentation": 11,
    "title": "Logs",
    "order": 3
  }
},
{
  "model": "launcher.slide",
  "pk": "823d8e09-29ba-46c7-ab4c-09dbfde143f5",
  "fields": {
    "presentation": 7,
    "title": "Logs",
    "order": 3
  }
},
{
  "model": "launcher.slide",
  "pk": "858fe503-4f6f-4c1f-9684-0f22f7131123",
  "fields": {
    "presentation": 23,
    "title": "Layout View",
    "order": 1
  }
},
{
  "model": "launcher.slide",
  "pk": "85f28957-bed1-4bf5-aeec-85fb24631f54",
  "fields": {
    "presentation": 46,
    "title": "Logs",
    "order": 3
  }
},
{
  "model": "launcher.slide",
  "pk": "899efdbc-81ae-4688-a8de-f20f6d0b2f8a",
  "fields": {
    "presentation": 13,
    "title": "Metadata",
    "order": 2
  }
},
{
  "model": "launcher.slide",
  "pk": "8ac660d1-2ba2-44dc-9319-5437cdb9e9af",
  "fields": {
    "presentation": 43,
    "title": "Layout View",
    "order": 1
  }
},
{
  "model": "launcher.slide",
  "pk": "8bcff0c7-ae5f-4a20-8f3d-8d145c5c425f",
  "fields": {
    "presentation": 4,
    "title": "Logs",
    "order": 4
  }
},
{
  "model": "launcher.slide",
  "pk": "8d84b2ac-ee2a-4633-a83e-34aef15ea8bd",
  "fields": {
    "presentation": 38,
    "title": "Layout View",
    "order": 1
  }
},
{
  "model": "launcher.slide",
  "pk": "90b78d30-2ff8-46bc-a6ea-3a839bb0d9f4",
  "fields": {
    "presentation": 36,
    "title": "Logs",
    "order": 3
  }
},
{
  "model": "launcher.slide",
  "pk": "91045b5d-d357-4309-9b94-ef5add2c717c",
  "fields": {
    "presentation": 43,
    "title": "Metadata",
    "order": 2
  }
},
{
  "model": "launcher.slide",
  "pk": "93621197-ceab-4193-8f30-b72584480ecd",
  "fields": {
    "presentation": 29,
    "title": "Logs",
    "order": 3
  }
},
{
  "model": "launcher.slide",
  "pk": "9642aead-aa14-4bf9-97e6-fa4318b2f231",
  "fields": {
    "presentation": 14,
    "title": "Layout View",
    "order": 1
  }
},
{
  "model": "launcher.slide",
  "pk": "985a1864-767a-476e-8460-ab296bf1349b",
  "fields": {
    "presentation": 11,
    "title": "Layout View",
    "order": 1
  }
},
{
  "model": "launcher.slide",
  "pk": "991e42d3-4b92-469c-af15-1fd8c35a410a",
  "fields": {
    "presentation": 39,
    "title": "Logs",
    "order": 3
  }
},
{
  "model": "launcher.slide",
  "pk": "9a0a219b-78e1-4bff-b287-67d7d262be4b",
  "fields": {
    "presentation": 47,
    "title": "Metadata",
    "order": 2
  }
},
{
  "model": "launcher.slide",
  "pk": "9f5d9d63-c0d6-4675-99b7-1c7799331933",
  "fields": {
    "presentation": 15,
    "title": "Layout View",
    "order": 1
  }
},
{
  "model": "launcher.slide",
  "pk": "a035b1e9-872f-415c-ad51-3565e7c59cef",
  "fields": {
    "presentation": 35,
    "title": "Layout View",
    "order": 1
  }
},
{
  "model": "launcher.slide",
  "pk": "a1ed4a49-612f-40ea-81f5-68a17e51debe",
  "fields": {
    "presentation": 9,
    "title": "Layout View",
    "order": 1
  }
},
{
  "model": "launcher.slide",
  "pk": "a2ce1ab6-f511-4170-a167-df132d6279d2",
  "fields": {
    "presentation": 17,
    "title": "Logs",
    "order": 3
  }
},
{
  "model": "launcher.slide",
  "pk": "a4aeb664-ae59-4463-b5ec-be92c8ebee6f",
  "fields": {
    "presentation": 3,
    "title": "Overview",
    "order": 1
  }
},
{
  "model": "launcher.slide",
  "pk": "a536a5ed-35fe-4b14-9e39-c7eedfc9c502",
  "fields": {
    "presentation": 25,
    "title": "Metadata",
    "order": 2
  }
},
{
  "model": "launcher.slide",
  "pk": "a5e9cf93-6834-4621-b0ea-02bc56923096",
  "fields": {
    "presentation": 5,
    "title": "Layout View",
    "order": 1
  }
},
{
  "model": "launcher.slide",
  "pk": "a6524045-7542-40fe-b1e3-29a9cf911004",
  "fields": {
    "presentation": 24,
    "title": "Logs",
    "order": 3
  }
},
{
  "model": "launcher.slide",
  "pk": "a6fb7828-9c5d-4190-9434-508da2cbc62b",
  "fields": {
    "presentation": 27,
    "title": "Metadata",
    "order": 2
  }
},
{
  "model": "launcher.slide",
  "pk": "aa7b24c4-3923-49e7-9df3-a02272b48bed",
  "fields": {
    "presentation": 17,
    "title": "Layout View",
    "order": 1
  }
},
{
  "model": "launcher.slide",
  "pk": "adabb557-a096-4c49-8c61-3c0eda53e06f",
  "fields": {
    "presentation": 39,
    "title": "Layout View",
    "order": 1
  }
},
{
  "model": "launcher.slide",
  "pk": "aed34851-7c11-44c6-9f89-ef547cafee2f",
  "fields": {
    "presentation": 44,
    "title": "Metadata",
    "order": 2
  }
},
{
  "model": "launcher.slide",
  "pk": "af054226-5fa8-4ffa-b975-934b5743d138",
  "fields": {
    "presentation": 41,
    "title": "Logs",
    "order": 3
  }
},
{
  "model": "launcher.slide",
  "pk": "b11ff028-3e67-43db-bb08-7c59b4925a55",
  "fields": {
    "presentation": 31,
    "title": "Metadata",
    "order": 2
  }
},
{
  "model": "launcher.slide",
  "pk": "b22b2edd-f6cd-42bc-9a1a-8fc4d3d78e63",
  "fields": {
    "presentation": 23,
    "title": "Metadata",
    "order": 2
  }
},
{
  "model": "launcher.slide",
  "pk": "b272e6fd-f549-4b8b-b597-6f8e1474ac4c",
  "fields": {
    "presentation": 6,
    "title": "Logs",
    "order": 3
  }
},
{
  "model": "launcher.slide",
  "pk": "b2b4fba3-3bc0-4a1a-93df-f0091ab621e3",
  "fields": {
    "presentation": 21,
    "title": "Metadata",
    "order": 2
  }
},
{
  "model": "launcher.slide",
  "pk": "b531a3cb-31cc-4c83-8be3-5065fcab5661",
  "fields": {
    "presentation": 10,
    "title": "Metadata",
    "order": 2
  }
},
{
  "model": "launcher.slide",
  "pk": "b7e44930-2761-4ef8-b07d-76033b66976c",
  "fields": {
    "presentation": 47,
    "title": "Logs",
    "order": 3
  }
},
{
  "model": "launcher.slide",
  "pk": "b90623a1-4bf4-49c1-b100-4ac2a33ade60",
  "fields": {
    "presentation": 4,
    "title": "Overview",
    "order": 1
  }
},
{
  "model": "launcher.slide",
  "pk": "ba1c66f5-fb12-4e23-bed1-06ac5a4826d0",
  "fields": {
    "presentation": 35,
    "title": "Metadata",
    "order": 2
  }
},
{
  "model": "launcher.slide",
  "pk": "bb24d67a-d5d7-461c-828c-5c91e45fba47",
  "fields": {
    "presentation": 9,
    "title": "Logs",
    "order": 3
  }
},
{
  "model": "launcher.slide",
  "pk": "bee05907-04ba-434e-8cc2-5c43deec68e3",
  "fields": {
    "presentation": 30,
    "title": "Logs",
    "order": 3
  }
},
{
  "model": "launcher.slide",
  "pk": "c0abc8bb-199a-49fb-87d7-7f47bd6639a4",
  "fields": {
    "presentation": 25,
    "title": "Layout View",
    "order": 1
  }
},
{
  "model": "launcher.slide",
  "pk": "c1908dad-cc5d-47c7-8936-336b14438c06",
  "fields": {
    "presentation": 41,
    "title": "Layout View",
    "order": 1
  }
},
{
  "model": "launcher.slide",
  "pk": "c2944fae-73a7-468a-823f-d60d65018d4f",
  "fields": {
    "presentation": 15,
    "title": "Logs",
    "order": 3
  }
},
{
  "model": "launcher.slide",
  "pk": "c76c8ce4-845d-4ee2-a630-9a4626c0d218",
  "fields": {
    "presentation": 4,
    "title": "Layout View",
    "order": 2
  }
},
{
  "model": "launcher.slide",
  "pk": "c7a963e3-46bb-4cc2-b42b-d25b8ef1b701",
  "fields": {
    "presentation": 15,
    "title": "Metadata",
    "order": 2
  }
},
{
  "model": "launcher.slide",
  "pk": "ce5983ab-9301-46eb-8115-f52cb12e2c2f",
  "fields": {
    "presentation": 47,
    "title": "Layout View",
    "order": 1
  }
},
{
  "model": "launcher.slide",
  "pk": "ceb128b4-ac64-4ac1-b04c-4859acd87381",
  "fields": {
    "presentation": 16,
    "title": "Metadata",
    "order": 2
  }
},
{
  "model": "launcher.slide",
  "pk": "cfb7eb23-cd84-40a4-80f6-47fa769dd431",
  "fields": {
    "presentation": 45,
    "title": "Layout View",
    "order": 1
  }
},
{
  "model": "launcher.slide",
  "pk": "d02876fd-5ec0-4d3e-8ff1-3854fe780482",
  "fields": {
    "presentation": 28,
    "title": "Layout View",
    "order": 1
  }
},
{
  "model": "launcher.slide",
  "pk": "d2760322-44f8-4951-a1ac-993ab88309d8",
  "fields": {
    "presentation": 33,
    "title": "Logs",
    "order": 3
  }
},
{
  "model": "launcher.slide",
  "pk": "d3a8c9cc-9caa-4c7d-8efd-dd83875d86a1",
  "fields": {
    "presentation": 8,
    "title": "Logs",
    "order": 3
  }
},
{
  "model": "launcher.slide",
  "pk": "d43095de-1ea8-4551-a1f1-a16419627c11",
  "fields": {
    "presentation": 40,
    "title": "Layout View",
    "order": 1
  }
},
{
  "model": "launcher.slide",
  "pk": "d5140788-aa36-4470-9806-d698f3b64ee3",
  "fields": {
    "presentation": 29,
    "title": "Layout View",
    "order": 1
  }
},
{
  "model": "launcher.slide",
  "pk": "db60823b-022b-41c0-8ff3-3003605bc6cb",
  "fields": {
    "presentation": 35,
    "title": "Logs",
    "order": 3
  }
},
{
  "model": "launcher.slide",
  "pk": "dba412f3-ea1f-4909-ae27-96731ecb358c",
  "fields": {
    "presentation": 41,
    "title": "Metadata",
    "order": 2
  }
},
{
  "model": "launcher.slide",
  "pk": "dbabca73-80ca-465e-8520-6957212188e4",
  "fields": {
    "presentation": 26,
    "title": "Logs",
    "order": 3
  }
},
{
  "model": "launcher.slide",
  "pk": "e05d8c46-b1cd-457d-8845-6ac9fcf18d5b",
  "fields": {
    "presentation": 38,
    "title": "Logs",
    "order": 3
  }
},
{
  "model": "launcher.slide",
  "pk": "e0752864-e608-4dd4-8ad1-a3eb2cb795b5",
  "fields": {
    "presentation": 27,
    "title": "Logs",
    "order": 3
  }
},
{
  "model": "launcher.slide",
  "pk": "e806d4cc-2d2b-4b05-9c70-746cf96adc49",
  "fields": {
    "presentation": 37,
    "title": "Logs",
    "order": 3
  }
},
{
  "model": "launcher.slide",
  "pk": "e9d00961-4c51-4bd9-8064-f58e489cbca7",
  "fields": {
    "presentation": 8,
    "title": "Layout View",
    "order": 1
  }
},
{
  "model": "launcher.slide",
  "pk": "eb6eeebd-44fe-46f6-95d6-2153c909f421",
  "fields": {
    "presentation": 18,
    "title": "Metadata",
    "order": 2
  }
},
{
  "model": "launcher.slide",
  "pk": "f0d7192c-9445-4380-8136-d4b142963e13",
  "fields": {
    "presentation": 10,
    "title": "Logs",
    "order": 3
  }
},
{
  "model": "launcher.slide",
  "pk": "f1b5502a-dab4-4d06-bff0-a3be26acbf32",
  "fields": {
    "presentation": 27,
    "title": "Layout View",
    "order": 1
  }
},
{
  "model": "launcher.slide",
  "pk": "f2a4c838-a380-4b52-a893-20d2f88a124e",
  "fields": {
    "presentation": 21,
    "title": "Layout View",
    "order": 1
  }
},
{
  "model": "launcher.slide",
  "pk": "f2eb7fb5-3225-444c-9ec8-e8738415bfd6",
  "fields": {
    "presentation": 33,
    "title": "Layout View",
    "order": 1
  }
},
{
  "model": "launcher.slide",
  "pk": "f9ebe958-712f-40cd-acef-d696fe0bd352",
  "fields": {
    "presentation": 23,
    "title": "Logs",
    "order": 3
  }
},
{
  "model": "launcher.slide",
  "pk": "fd88dd26-9300-43f6-9896-01b134f9ea70",
  "fields": {
    "presentation": 34,
    "title": "Layout View",
    "order": 1
  }
},
{
  "model": "launcher.runartifact",
  "pk": "014cdeba-3501-408d-8c8d-992dfe06aeb9",
  "fields": {
    "run": 15,
    "artifact_type": "log",
    "name": "KLayout Log",
    "file_path": "runs\\b567d3b9b7bf414089ae7316c18ef17c\\klayout.log",
    "created_at": "2026-01-13T13:19:21.804Z"
  }
},
{
  "model": "launcher.runartifact",
  "pk": "021ec223-73a1-4dfe-bd05-fc733c8161ec",
  "fields": {
    "run": 9,
    "artifact_type": "log",
    "name": "KLayout Log",
    "file_path": "runs\\718020eb0d164d5fbc23c45fd69fa547\\klayout.log",
    "created_at": "2026-01-13T07:08:52.264Z"
  }
},
{
  "model": "launcher.runartifact",
  "pk": "03a1f499-eece-4fba-803c-d2556f6da00f",
  "fields": {
    "run": 47,
    "artifact_type": "log",
    "name": "KLayout Log",
    "file_path": "runs\\3dd87ff7e8d3495cb386212fcff57bca\\klayout.log",
    "created_at": "2026-02-11T13:47:12.591Z"
  }
},
{
  "model": "launcher.runartifact",
  "pk": "048321d1-73f7-4cfb-b4a0-56321f933878",
  "fields": {
    "run": 10,
    "artifact_type": "report",
    "name": "Layout Metadata",
    "file_path": "runs\\ee29ffba599f45bea46067c7da693f73\\metadata.json",
    "created_at": "2026-01-13T07:53:37.981Z"
  }
},
{
  "model": "launcher.runartifact",
  "pk": "048dd93b-fbf6-42c0-bbad-5e8e01c693ea",
  "fields": {
    "run": 43,
    "artifact_type": "report",
    "name": "Layout Metadata",
    "file_path": "runs\\8daf15b51afa4846ab597f3dce839913\\metadata.json",
    "created_at": "2026-01-30T12:09:31.502Z"
  }
},
{
  "model": "launcher.runartifact",
  "pk": "04dbafba-9552-43ff-b539-6c9942b7bb16",
  "fields": {
    "run": 21,
    "artifact_type": "log",
    "name": "KLayout Log",
    "file_path": "runs\\485c16e329444c7180ad4bafa336b547\\klayout.log",
    "created_at": "2026-01-19T05:09:25.555Z"
  }
},
{
  "model": "launcher.runartifact",
  "pk": "071861ba-42ed-4ef7-9530-7643ce212d4e",
  "fields": {
    "run": 24,
    "artifact_type": "image",
    "name": "Layout Preview",
    "file_path": "runs\\0bc326c587c04211abb4e7fb8b67719f\\preview.png",
    "created_at": "2026-01-19T11:15:04.221Z"
  }
},
{
  "model": "launcher.runartifact",
  "pk": "097c7ea7-aec3-40a7-9405-bdd6d6224c33",
  "fields": {
    "run": 16,
    "artifact_type": "report",
    "name": "Layout Metadata",
    "file_path": "runs\\ee7906ad2fcf4c55beea7c3f9c19b879\\metadata.json",
    "created_at": "2026-01-13T13:20:28.699Z"
  }
},
{
  "model": "launcher.runartifact",
  "pk": "0a4dd297-96ba-4b4c-9be2-b492c1977d8c",
  "fields": {
    "run": 44,
    "artifact_type": "log",
    "name": "KLayout Log",
    "file_path": "runs\\6e28eed9b4da42408f76e907b14507e1\\klayout.log",
    "created_at": "2026-02-11T06:43:38.541Z"
  }
},
{
  "model": "launcher.runartifact",
  "pk": "0e27fa74-0cb6-4f4a-9974-2c4bb1aae2bc",
  "fields": {
    "run": 19,
    "artifact_type": "report",
    "name": "Layout Metadata",
    "file_path": "runs\\ee610344690d4c33a043d8733c3b5fcb\\metadata.json",
    "created_at": "2026-01-14T10:53:21.924Z"
  }
},
{
  "model": "launcher.runartifact",
  "pk": "0f06ca04-efed-4648-abf3-26b012a4df72",
  "fields": {
    "run": 29,
    "artifact_type": "image",
    "name": "Layout Preview",
    "file_path": "runs\\346ea14c3fe54da68059098143fd636f\\preview.png",
    "created_at": "2026-01-20T12:34:30.278Z"
  }
},
{
  "model": "launcher.runartifact",
  "pk": "105fd1bb-aebd-49de-ad21-cb7c09c9d1cf",
  "fields": {
    "run": 16,
    "artifact_type": "image",
    "name": "Layout Preview",
    "file_path": "runs\\ee7906ad2fcf4c55beea7c3f9c19b879\\preview.png",
    "created_at": "2026-01-13T13:20:28.694Z"
  }
},
{
  "model": "launcher.runartifact",
  "pk": "10a00bb0-9439-4f3b-807c-880c1803049e",
  "fields": {
    "run": 37,
    "artifact_type": "log",
    "name": "KLayout Log",
    "file_path": "runs\\ebb92ceccd9e44dfb0ac82115d56fc4b\\klayout.log",
    "created_at": "2026-01-20T13:59:21.914Z"
  }
},
{
  "model": "launcher.runartifact",
  "pk": "11e2a6a5-9e4e-4c7f-9241-974478fa0d19",
  "fields": {
    "run": 13,
    "artifact_type": "report",
    "name": "Layout Metadata",
    "file_path": "runs\\c2ebbfa9d8734f9dbbc0dc3e78df0e13\\metadata.json",
    "created_at": "2026-01-13T12:34:12.947Z"
  }
},
{
  "model": "launcher.runartifact",
  "pk": "14d447ef-7a1d-4d3a-add0-19c34cb7cf09",
  "fields": {
    "run": 35,
    "artifact_type": "image",
    "name": "Layout Preview",
    "file_path": "runs\\7d5b564d30254ea28760792e98a569d1\\preview.png",
    "created_at": "2026-01-20T13:39:20.326Z"
  }
},
{
  "model": "launcher.runartifact",
  "pk": "160266a2-0db7-44d5-9c31-dccfe4fbd945",
  "fields": {
    "run": 44,
    "artifact_type": "report",
    "name": "Layout Metadata",
    "file_path": "runs\\6e28eed9b4da42408f76e907b14507e1\\metadata.json",
    "created_at": "2026-02-11T06:43:38.530Z"
  }
},
{
  "model": "launcher.runartifact",
  "pk": "16dcd142-bd03-4986-bb9d-7245253b1a28",
  "fields": {
    "run": 23,
    "artifact_type": "log",
    "name": "KLayout Log",
    "file_path": "runs\\b2da445208e549799564e40f4fc0719b\\klayout.log",
    "created_at": "2026-01-19T05:35:57.827Z"
  }
},
{
  "model": "launcher.runartifact",
  "pk": "19d44b85-412b-4217-a77e-837388351322",
  "fields": {
    "run": 8,
    "artifact_type": "image",
    "name": "Layout Preview",
    "file_path": "runs\\4146132b43e647c2879391c59250aacb\\preview.png",
    "created_at": "2026-01-13T06:53:14.882Z"
  }
},
{
  "model": "launcher.runartifact",
  "pk": "1a3b873c-bfeb-4dd3-aa56-ece31eb5c33e",
  "fields": {
    "run": 23,
    "artifact_type": "report",
    "name": "Layout Metadata",
    "file_path": "runs\\b2da445208e549799564e40f4fc0719b\\metadata.json",
    "created_at": "2026-01-19T05:35:57.822Z"
  }
},
{
  "model": "launcher.runartifact",
  "pk": "1aa5f4aa-e366-4a7d-b1db-315e62c9652b",
  "fields": {
    "run": 28,
    "artifact_type": "log",
    "name": "KLayout Log",
    "file_path": "runs\\dc1403b6ee0b4d809333c719aed2cf0d\\klayout.log",
    "created_at": "2026-01-20T11:43:51.260Z"
  }
},
{
  "model": "launcher.runartifact",
  "pk": "1b74419b-f7d1-4c68-8a2c-616c459fcf2a",
  "fields": {
    "run": 22,
    "artifact_type": "report",
    "name": "Layout Metadata",
    "file_path": "runs\\1ff973cb48184c989b4a7bae82640976\\metadata.json",
    "created_at": "2026-01-19T05:32:50.255Z"
  }
},
{
  "model": "launcher.runartifact",
  "pk": "1b864f0b-c61c-4127-9b23-8db335961ca9",
  "fields": {
    "run": 34,
    "artifact_type": "image",
    "name": "Layout Preview",
    "file_path": "runs\\092dc48152a1477ca5d66126bd182436\\preview.png",
    "created_at": "2026-01-20T13:26:49.342Z"
  }
},
{
  "model": "launcher.runartifact",
  "pk": "1cf23a22-d289-422e-b19d-30f1118c9bba",
  "fields": {
    "run": 27,
    "artifact_type": "image",
    "name": "Layout Preview",
    "file_path": "runs\\998cc1d4835e4348a990ed96cc2042b3\\preview.png",
    "created_at": "2026-01-20T11:15:15.943Z"
  }
},
{
  "model": "launcher.runartifact",
  "pk": "1d4eef1c-ee47-43f4-948f-0239d6178813",
  "fields": {
    "run": 24,
    "artifact_type": "log",
    "name": "KLayout Log",
    "file_path": "runs\\0bc326c587c04211abb4e7fb8b67719f\\klayout.log",
    "created_at": "2026-01-19T11:15:04.242Z"
  }
},
{
  "model": "launcher.runartifact",
  "pk": "1d98ebed-3a92-4fee-a9b4-9a7736e64b8c",
  "fields": {
    "run": 38,
    "artifact_type": "log",
    "name": "KLayout Log",
    "file_path": "runs\\220a18d822f84b5f875cf0d92766b4a0\\klayout.log",
    "created_at": "2026-01-21T06:29:55.026Z"
  }
},
{
  "model": "launcher.runartifact",
  "pk": "1e705360-84ca-41aa-9019-0c80c1b3cee2",
  "fields": {
    "run": 33,
    "artifact_type": "report",
    "name": "Layout Metadata",
    "file_path": "runs\\5a4c1bf7639048638d94b792f8dac5b4\\metadata.json",
    "created_at": "2026-01-20T13:26:25.092Z"
  }
},
{
  "model": "launcher.runartifact",
  "pk": "225bea4c-075d-4da2-89fb-84a2b76e0bfd",
  "fields": {
    "run": 14,
    "artifact_type": "report",
    "name": "Layout Metadata",
    "file_path": "runs\\1a1e9109f87d44feb627e6ff4f7fe83c\\metadata.json",
    "created_at": "2026-01-13T12:46:19.486Z"
  }
},
{
  "model": "launcher.runartifact",
  "pk": "23aa61de-92cb-47b2-a39e-741ba25ba8e5",
  "fields": {
    "run": 8,
    "artifact_type": "log",
    "name": "KLayout Log",
    "file_path": "runs\\4146132b43e647c2879391c59250aacb\\klayout.log",
    "created_at": "2026-01-13T06:53:14.895Z"
  }
},
{
  "model": "launcher.runartifact",
  "pk": "2478e04b-b497-4771-a6b7-34d39284ca7f",
  "fields": {
    "run": 10,
    "artifact_type": "log",
    "name": "KLayout Log",
    "file_path": "runs\\ee29ffba599f45bea46067c7da693f73\\klayout.log",
    "created_at": "2026-01-13T07:53:37.988Z"
  }
},
{
  "model": "launcher.runartifact",
  "pk": "2992618c-6c27-47a2-8e11-60c4ee846a95",
  "fields": {
    "run": 12,
    "artifact_type": "image",
    "name": "Layout Preview",
    "file_path": "runs\\19b96358e6f44f4cbb7700091bbf4a43\\preview.png",
    "created_at": "2026-01-13T12:34:08.179Z"
  }
},
{
  "model": "launcher.runartifact",
  "pk": "2a48c295-5770-41ab-83eb-247a107a1bb9",
  "fields": {
    "run": 42,
    "artifact_type": "report",
    "name": "Layout Metadata",
    "file_path": "runs\\07ff3a53afb549c096bf02cd13332b2b\\metadata.json",
    "created_at": "2026-01-29T08:29:46.117Z"
  }
},
{
  "model": "launcher.runartifact",
  "pk": "2ade05b1-66a1-47b9-aba4-3cb257cac278",
  "fields": {
    "run": 5,
    "artifact_type": "log",
    "name": "KLayout Log",
    "file_path": "runs\\4981dcd76cfd4b10bca205bcc2c5fb27\\klayout.log",
    "created_at": "2026-01-13T05:58:42.267Z"
  }
},
{
  "model": "launcher.runartifact",
  "pk": "2c0a13ec-13c5-4610-b3ea-764f5c65eb95",
  "fields": {
    "run": 33,
    "artifact_type": "log",
    "name": "KLayout Log",
    "file_path": "runs\\5a4c1bf7639048638d94b792f8dac5b4\\klayout.log",
    "created_at": "2026-01-20T13:26:25.099Z"
  }
},
{
  "model": "launcher.runartifact",
  "pk": "2ce4c9d5-5d13-4f4d-b58f-23a5953d3228",
  "fields": {
    "run": 31,
    "artifact_type": "image",
    "name": "Layout Preview",
    "file_path": "runs\\beed12bd6f9d427d8563f94c23e2b530\\preview.png",
    "created_at": "2026-01-20T13:08:40.883Z"
  }
},
{
  "model": "launcher.runartifact",
  "pk": "2d5a1329-6182-4a89-a783-63a3f01dcf44",
  "fields": {
    "run": 11,
    "artifact_type": "image",
    "name": "Layout Preview",
    "file_path": "runs\\2a0c0b45edfa4a1fbe728acb7f424f03\\preview.png",
    "created_at": "2026-01-13T08:08:53.376Z"
  }
},
{
  "model": "launcher.runartifact",
  "pk": "2e2f68e7-3e25-403b-9f73-16e28cceb08b",
  "fields": {
    "run": 47,
    "artifact_type": "report",
    "name": "Layout Metadata",
    "file_path": "runs\\3dd87ff7e8d3495cb386212fcff57bca\\metadata.json",
    "created_at": "2026-02-11T13:47:12.575Z"
  }
},
{
  "model": "launcher.runartifact",
  "pk": "2e4e7e51-112c-4f3e-a38f-313e2a606fde",
  "fields": {
    "run": 1,
    "artifact_type": "image",
    "name": "Layout Preview",
    "file_path": "runs\\ea676a4ad91447c5b808e15fd2ca51d0\\preview.png",
    "created_at": "2026-01-12T17:28:16.545Z"
  }
},
{
  "model": "launcher.runartifact",
  "pk": "30ae10e4-4908-43e6-93d5-5a8cfcfe8e3f",
  "fields": {
    "run": 30,
    "artifact_type": "log",
    "name": "KLayout Log",
    "file_path": "runs\\6fff5ce1239341829aa3a501d2861133\\klayout.log",
    "created_at": "2026-01-20T12:35:33.269Z"
  }
},
{
  "model": "launcher.runartifact",
  "pk": "33daff71-13af-4b7f-91cb-560a384ea959",
  "fields": {
    "run": 37,
    "artifact_type": "report",
    "name": "Layout Metadata",
    "file_path": "runs\\ebb92ceccd9e44dfb0ac82115d56fc4b\\metadata.json",
    "created_at": "2026-01-20T13:59:21.905Z"
  }
},
{
  "model": "launcher.runartifact",
  "pk": "359533c2-b996-4f42-bbbd-3769eb9b8d16",
  "fields": {
    "run": 1,
    "artifact_type": "log",
    "name": "KLayout Log",
    "file_path": "runs\\ea676a4ad91447c5b808e15fd2ca51d0\\klayout.log",
    "created_at": "2026-01-12T17:28:16.568Z"
  }
},
{
  "model": "launcher.runartifact",
  "pk": "39cff9d3-5bd4-4a3c-b962-ffda6e509372",
  "fields": {
    "run": 32,
    "artifact_type": "log",
    "name": "KLayout Log",
    "file_path": "runs\\e01568f948dc489398adf4d40e8431de\\klayout.log",
    "created_at": "2026-01-20T13:08:55.570Z"
  }
},
{
  "model": "launcher.runartifact",
  "pk": "3a221abf-7a9d-483a-9b94-3b0357eba142",
  "fields": {
    "run": 20,
    "artifact_type": "image",
    "name": "Layout Preview",
    "file_path": "runs\\58d4e1e49d4844e1b223cfb856b62a7b\\preview.png",
    "created_at": "2026-01-14T11:05:53.359Z"
  }
},
{
  "model": "launcher.runartifact",
  "pk": "3afd6c70-97eb-4321-a549-bac67d9a8ae2",
  "fields": {
    "run": 4,
    "artifact_type": "image",
    "name": "Layout Preview",
    "file_path": "runs\\72dfeaf808a64f68bf93b1669440f92b\\preview.png",
    "created_at": "2026-01-13T05:46:20.993Z"
  }
},
{
  "model": "launcher.runartifact",
  "pk": "3ca3f645-ae2e-459a-ab2b-9ef41ee7204f",
  "fields": {
    "run": 46,
    "artifact_type": "log",
    "name": "KLayout Log",
    "file_path": "runs\\3c7fbb13fc4c41fc98e37dd58835dcc2\\klayout.log",
    "created_at": "2026-02-11T13:20:48.920Z"
  }
},
{
  "model": "launcher.runartifact",
  "pk": "3e563cc3-1181-4e23-b343-c547ab091fb7",
  "fields": {
    "run": 3,
    "artifact_type": "log",
    "name": "KLayout Log",
    "file_path": "runs\\482e5671494742ca9d0fe992f7c47095\\klayout.log",
    "created_at": "2026-01-13T05:37:25.521Z"
  }
},
{
  "model": "launcher.runartifact",
  "pk": "3f49e4fa-dd61-4b82-8fc2-105c4b1bfa5a",
  "fields": {
    "run": 40,
    "artifact_type": "log",
    "name": "KLayout Log",
    "file_path": "runs\\8309c1fe22f0400cb679dba5b61de5d5\\klayout.log",
    "created_at": "2026-01-23T12:47:03.000Z"
  }
},
{
  "model": "launcher.runartifact",
  "pk": "4062030c-8258-450b-97af-c9c8335e5a62",
  "fields": {
    "run": 7,
    "artifact_type": "report",
    "name": "Layout Metadata",
    "file_path": "runs\\eece6b3deac54811b3410c3374541840\\metadata.json",
    "created_at": "2026-01-13T06:34:27.917Z"
  }
},
{
  "model": "launcher.runartifact",
  "pk": "4075a3a8-ef70-4f9d-bf89-237af73d33eb",
  "fields": {
    "run": 48,
    "artifact_type": "image",
    "name": "Layout Preview",
    "file_path": "runs\\4ed4cf48ae35485e8108b7f5a984a402\\preview.png",
    "created_at": "2026-04-07T12:49:22.464Z"
  }
},
{
  "model": "launcher.runartifact",
  "pk": "40c7db38-e622-44de-a804-5223713e6e4f",
  "fields": {
    "run": 26,
    "artifact_type": "report",
    "name": "Layout Metadata",
    "file_path": "runs\\1ee80ebc89cf42748a69e33b207ef4bb\\metadata.json",
    "created_at": "2026-01-19T14:41:11.837Z"
  }
},
{
  "model": "launcher.runartifact",
  "pk": "41283a4c-ac44-4042-94f2-830125ce34e6",
  "fields": {
    "run": 38,
    "artifact_type": "report",
    "name": "Layout Metadata",
    "file_path": "runs\\220a18d822f84b5f875cf0d92766b4a0\\metadata.json",
    "created_at": "2026-01-21T06:29:55.012Z"
  }
},
{
  "model": "launcher.runartifact",
  "pk": "420378e4-8b42-4ca8-bce4-9972c4e6d633",
  "fields": {
    "run": 36,
    "artifact_type": "log",
    "name": "KLayout Log",
    "file_path": "runs\\d205e433bda744748f45bc1d901700c9\\klayout.log",
    "created_at": "2026-01-20T13:40:10.190Z"
  }
},
{
  "model": "launcher.runartifact",
  "pk": "4376b892-75a0-434f-9775-d8e806da8d60",
  "fields": {
    "run": 13,
    "artifact_type": "image",
    "name": "Layout Preview",
    "file_path": "runs\\c2ebbfa9d8734f9dbbc0dc3e78df0e13\\preview.png",
    "created_at": "2026-01-13T12:34:12.942Z"
  }
},
{
  "model": "launcher.runartifact",
  "pk": "46f4ad6e-1c7a-489d-b31a-ee09b7a489c2",
  "fields": {
    "run": 17,
    "artifact_type": "log",
    "name": "KLayout Log",
    "file_path": "runs\\cc1e8fdc02844e2fb04dfc5916202bf4\\klayout.log",
    "created_at": "2026-01-14T05:40:48.376Z"
  }
},
{
  "model": "launcher.runartifact",
  "pk": "47e8f250-8cc9-422e-aca8-cf6e35b669c5",
  "fields": {
    "run": 19,
    "artifact_type": "log",
    "name": "KLayout Log",
    "file_path": "runs\\ee610344690d4c33a043d8733c3b5fcb\\klayout.log",
    "created_at": "2026-01-14T10:53:21.934Z"
  }
},
{
  "model": "launcher.runartifact",
  "pk": "49f69deb-d9f3-4dfd-83c8-bc2871a7d848",
  "fields": {
    "run": 45,
    "artifact_type": "report",
    "name": "Layout Metadata",
    "file_path": "runs\\32611a2be59048d4992414198205bd18\\metadata.json",
    "created_at": "2026-02-11T13:08:35.082Z"
  }
},
{
  "model": "launcher.runartifact",
  "pk": "4ae7df07-055d-4452-9876-7de4a55e3e10",
  "fields": {
    "run": 12,
    "artifact_type": "report",
    "name": "Layout Metadata",
    "file_path": "runs\\19b96358e6f44f4cbb7700091bbf4a43\\metadata.json",
    "created_at": "2026-01-13T12:34:08.185Z"
  }
},
{
  "model": "launcher.runartifact",
  "pk": "4df30caa-2b59-4fbc-90d9-d5ba34d034e9",
  "fields": {
    "run": 21,
    "artifact_type": "image",
    "name": "Layout Preview",
    "file_path": "runs\\485c16e329444c7180ad4bafa336b547\\preview.png",
    "created_at": "2026-01-19T05:09:25.500Z"
  }
},
{
  "model": "launcher.runartifact",
  "pk": "4fdfc938-a820-4220-8547-39f96d9f323b",
  "fields": {
    "run": 45,
    "artifact_type": "log",
    "name": "KLayout Log",
    "file_path": "runs\\32611a2be59048d4992414198205bd18\\klayout.log",
    "created_at": "2026-02-11T13:08:35.092Z"
  }
},
{
  "model": "launcher.runartifact",
  "pk": "50e10476-8ddc-4d59-b5cf-d0dda9c7941b",
  "fields": {
    "run": 3,
    "artifact_type": "report",
    "name": "Layout Metadata",
    "file_path": "runs\\482e5671494742ca9d0fe992f7c47095\\metadata.json",
    "created_at": "2026-01-13T05:37:25.516Z"
  }
},
{
  "model": "launcher.runartifact",
  "pk": "51ea04dd-569a-4d2c-9102-b3e6fc90e0e0",
  "fields": {
    "run": 5,
    "artifact_type": "image",
    "name": "Layout Preview",
    "file_path": "runs\\4981dcd76cfd4b10bca205bcc2c5fb27\\preview.png",
    "created_at": "2026-01-13T05:58:42.210Z"
  }
},
{
  "model": "launcher.runartifact",
  "pk": "569e2f19-cbf8-4bbe-a137-d647c7bd2c10",
  "fields": {
    "run": 20,
    "artifact_type": "report",
    "name": "Layout Metadata",
    "file_path": "runs\\58d4e1e49d4844e1b223cfb856b62a7b\\metadata.json",
    "created_at": "2026-01-14T11:05:53.368Z"
  }
},
{
  "model": "launcher.runartifact",
  "pk": "586927f6-f3f2-4d16-a9e3-dace7f058860",
  "fields": {
    "run": 37,
    "artifact_type": "image",
    "name": "Layout Preview",
    "file_path": "runs\\ebb92ceccd9e44dfb0ac82115d56fc4b\\preview.png",
    "created_at": "2026-01-20T13:59:21.883Z"
  }
},
{
  "model": "launcher.runartifact",
  "pk": "5ac7b9d6-849c-4bf1-bc08-fa65ca4e86c3",
  "fields": {
    "run": 48,
    "artifact_type": "log",
    "name": "KLayout Log",
    "file_path": "runs\\4ed4cf48ae35485e8108b7f5a984a402\\klayout.log",
    "created_at": "2026-04-07T12:49:22.494Z"
  }
},
{
  "model": "launcher.runartifact",
  "pk": "5bf3cedf-a75f-4885-938e-82d2a33e49d1",
  "fields": {
    "run": 22,
    "artifact_type": "log",
    "name": "KLayout Log",
    "file_path": "runs\\1ff973cb48184c989b4a7bae82640976\\klayout.log",
    "created_at": "2026-01-19T05:32:50.262Z"
  }
},
{
  "model": "launcher.runartifact",
  "pk": "5c8c8bea-6565-4bc5-8eaa-d009c667937e",
  "fields": {
    "run": 10,
    "artifact_type": "image",
    "name": "Layout Preview",
    "file_path": "runs\\ee29ffba599f45bea46067c7da693f73\\preview.png",
    "created_at": "2026-01-13T07:53:37.964Z"
  }
},
{
  "model": "launcher.runartifact",
  "pk": "5d4f7681-fded-4f3d-8b27-509c82484c63",
  "fields": {
    "run": 40,
    "artifact_type": "report",
    "name": "Layout Metadata",
    "file_path": "runs\\8309c1fe22f0400cb679dba5b61de5d5\\metadata.json",
    "created_at": "2026-01-23T12:47:02.864Z"
  }
},
{
  "model": "launcher.runartifact",
  "pk": "5d984945-defc-4f5c-b60a-3d06b8615986",
  "fields": {
    "run": 9,
    "artifact_type": "image",
    "name": "Layout Preview",
    "file_path": "runs\\718020eb0d164d5fbc23c45fd69fa547\\preview.png",
    "created_at": "2026-01-13T07:08:52.254Z"
  }
},
{
  "model": "launcher.runartifact",
  "pk": "5ea1a75c-9c61-4b54-8aa7-5efefbf41473",
  "fields": {
    "run": 25,
    "artifact_type": "image",
    "name": "Layout Preview",
    "file_path": "runs\\7a5e80202d124ad8bbfe7a03a41a08f1\\preview.png",
    "created_at": "2026-01-19T14:19:32.687Z"
  }
},
{
  "model": "launcher.runartifact",
  "pk": "5f4b7ab5-202f-4ef3-b55a-007e2d05c16f",
  "fields": {
    "run": 39,
    "artifact_type": "report",
    "name": "Layout Metadata",
    "file_path": "runs\\3200bf12862144139381779ab23f8b82\\metadata.json",
    "created_at": "2026-01-21T12:51:09.292Z"
  }
},
{
  "model": "launcher.runartifact",
  "pk": "5f881651-e517-416e-ac0a-b38891476c3b",
  "fields": {
    "run": 14,
    "artifact_type": "image",
    "name": "Layout Preview",
    "file_path": "runs\\1a1e9109f87d44feb627e6ff4f7fe83c\\preview.png",
    "created_at": "2026-01-13T12:46:19.479Z"
  }
},
{
  "model": "launcher.runartifact",
  "pk": "6089e549-5e9e-4805-b90f-5b8769ffaede",
  "fields": {
    "run": 12,
    "artifact_type": "log",
    "name": "KLayout Log",
    "file_path": "runs\\19b96358e6f44f4cbb7700091bbf4a43\\klayout.log",
    "created_at": "2026-01-13T12:34:08.190Z"
  }
},
{
  "model": "launcher.runartifact",
  "pk": "626dac9a-3696-439a-a41a-acb43df9c061",
  "fields": {
    "run": 43,
    "artifact_type": "image",
    "name": "Layout Preview",
    "file_path": "runs\\8daf15b51afa4846ab597f3dce839913\\preview.png",
    "created_at": "2026-01-30T12:09:31.474Z"
  }
},
{
  "model": "launcher.runartifact",
  "pk": "65f0c505-7bea-4611-b542-d39ec5a393d5",
  "fields": {
    "run": 2,
    "artifact_type": "report",
    "name": "Layout Metadata",
    "file_path": "runs\\69f9a9268b784fe0bc8f4c56063ebdd6\\metadata.json",
    "created_at": "2026-01-13T05:10:56.963Z"
  }
},
{
  "model": "launcher.runartifact",
  "pk": "67995529-002b-433b-9f0b-8f225241d1df",
  "fields": {
    "run": 16,
    "artifact_type": "log",
    "name": "KLayout Log",
    "file_path": "runs\\ee7906ad2fcf4c55beea7c3f9c19b879\\klayout.log",
    "created_at": "2026-01-13T13:20:28.704Z"
  }
},
{
  "model": "launcher.runartifact",
  "pk": "698022a6-93c6-48a2-abe8-2a149b92361c",
  "fields": {
    "run": 15,
    "artifact_type": "image",
    "name": "Layout Preview",
    "file_path": "runs\\b567d3b9b7bf414089ae7316c18ef17c\\preview.png",
    "created_at": "2026-01-13T13:19:21.773Z"
  }
},
{
  "model": "launcher.runartifact",
  "pk": "6afec1fd-e077-47b2-8d32-84ab5fcfc651",
  "fields": {
    "run": 1,
    "artifact_type": "report",
    "name": "Layout Metadata",
    "file_path": "runs\\ea676a4ad91447c5b808e15fd2ca51d0\\metadata.json",
    "created_at": "2026-01-12T17:28:16.556Z"
  }
},
{
  "model": "launcher.runartifact",
  "pk": "6c88b831-07e0-4a7d-b1b6-fd105753a85a",
  "fields": {
    "run": 11,
    "artifact_type": "log",
    "name": "KLayout Log",
    "file_path": "runs\\2a0c0b45edfa4a1fbe728acb7f424f03\\klayout.log",
    "created_at": "2026-01-13T08:08:53.388Z"
  }
},
{
  "model": "launcher.runartifact",
  "pk": "6f3b097c-f17f-4657-a557-c89c2329a51d",
  "fields": {
    "run": 41,
    "artifact_type": "report",
    "name": "Layout Metadata",
    "file_path": "runs\\66b444fcdf0c427fa8803c16f07da758\\metadata.json",
    "created_at": "2026-01-29T05:34:54.880Z"
  }
},
{
  "model": "launcher.runartifact",
  "pk": "781b2cf6-1390-4825-9f46-defcfaf80277",
  "fields": {
    "run": 47,
    "artifact_type": "image",
    "name": "Layout Preview",
    "file_path": "runs\\3dd87ff7e8d3495cb386212fcff57bca\\preview.png",
    "created_at": "2026-02-11T13:47:12.556Z"
  }
},
{
  "model": "launcher.runartifact",
  "pk": "7f68aeb2-dc6b-4d2a-a505-37312ab1ec44",
  "fields": {
    "run": 28,
    "artifact_type": "report",
    "name": "Layout Metadata",
    "file_path": "runs\\dc1403b6ee0b4d809333c719aed2cf0d\\metadata.json",
    "created_at": "2026-01-20T11:43:51.252Z"
  }
},
{
  "model": "launcher.runartifact",
  "pk": "8005ac0d-c21f-4fc1-ab14-fd5dcefaa8fb",
  "fields": {
    "run": 42,
    "artifact_type": "image",
    "name": "Layout Preview",
    "file_path": "runs\\07ff3a53afb549c096bf02cd13332b2b\\preview.png",
    "created_at": "2026-01-29T08:29:46.101Z"
  }
},
{
  "model": "launcher.runartifact",
  "pk": "815fbb3c-0970-442e-a00f-f6ea9f31c8e0",
  "fields": {
    "run": 34,
    "artifact_type": "report",
    "name": "Layout Metadata",
    "file_path": "runs\\092dc48152a1477ca5d66126bd182436\\metadata.json",
    "created_at": "2026-01-20T13:26:49.358Z"
  }
},
{
  "model": "launcher.runartifact",
  "pk": "83bd2517-5e2d-4f93-a5be-ba0d9ba7d0c5",
  "fields": {
    "run": 14,
    "artifact_type": "log",
    "name": "KLayout Log",
    "file_path": "runs\\1a1e9109f87d44feb627e6ff4f7fe83c\\klayout.log",
    "created_at": "2026-01-13T12:46:19.491Z"
  }
},
{
  "model": "launcher.runartifact",
  "pk": "8e950156-b17b-49cf-869c-4ea3c22f598b",
  "fields": {
    "run": 18,
    "artifact_type": "report",
    "name": "Layout Metadata",
    "file_path": "runs\\7da3e70ad74a4899b399f6912c3d7018\\metadata.json",
    "created_at": "2026-01-14T08:38:47.606Z"
  }
},
{
  "model": "launcher.runartifact",
  "pk": "9284fbe7-750e-419c-a9a0-38b8bafb85f3",
  "fields": {
    "run": 5,
    "artifact_type": "report",
    "name": "Layout Metadata",
    "file_path": "runs\\4981dcd76cfd4b10bca205bcc2c5fb27\\metadata.json",
    "created_at": "2026-01-13T05:58:42.255Z"
  }
},
{
  "model": "launcher.runartifact",
  "pk": "9415227f-21a8-410e-a312-725777f38e50",
  "fields": {
    "run": 29,
    "artifact_type": "log",
    "name": "KLayout Log",
    "file_path": "runs\\346ea14c3fe54da68059098143fd636f\\klayout.log",
    "created_at": "2026-01-20T12:34:30.295Z"
  }
},
{
  "model": "launcher.runartifact",
  "pk": "952b5962-340a-4ecd-9d06-2aa02f627cee",
  "fields": {
    "run": 32,
    "artifact_type": "report",
    "name": "Layout Metadata",
    "file_path": "runs\\e01568f948dc489398adf4d40e8431de\\metadata.json",
    "created_at": "2026-01-20T13:08:55.563Z"
  }
},
{
  "model": "launcher.runartifact",
  "pk": "95df93c3-cdec-4f01-b72e-ac245d5baeca",
  "fields": {
    "run": 17,
    "artifact_type": "image",
    "name": "Layout Preview",
    "file_path": "runs\\cc1e8fdc02844e2fb04dfc5916202bf4\\preview.png",
    "created_at": "2026-01-14T05:40:48.360Z"
  }
},
{
  "model": "launcher.runartifact",
  "pk": "970690de-3688-4c08-b601-b0570b8b0906",
  "fields": {
    "run": 35,
    "artifact_type": "report",
    "name": "Layout Metadata",
    "file_path": "runs\\7d5b564d30254ea28760792e98a569d1\\metadata.json",
    "created_at": "2026-01-20T13:39:20.341Z"
  }
},
{
  "model": "launcher.runartifact",
  "pk": "984b5620-c85b-4ebe-81dc-31fbcc881812",
  "fields": {
    "run": 9,
    "artifact_type": "report",
    "name": "Layout Metadata",
    "file_path": "runs\\718020eb0d164d5fbc23c45fd69fa547\\metadata.json",
    "created_at": "2026-01-13T07:08:52.260Z"
  }
},
{
  "model": "launcher.runartifact",
  "pk": "98acc254-c386-45d8-93ce-3b8f90ee80a0",
  "fields": {
    "run": 30,
    "artifact_type": "report",
    "name": "Layout Metadata",
    "file_path": "runs\\6fff5ce1239341829aa3a501d2861133\\metadata.json",
    "created_at": "2026-01-20T12:35:33.260Z"
  }
},
{
  "model": "launcher.runartifact",
  "pk": "9c643967-edc8-4293-bac8-a917722be56c",
  "fields": {
    "run": 8,
    "artifact_type": "report",
    "name": "Layout Metadata",
    "file_path": "runs\\4146132b43e647c2879391c59250aacb\\metadata.json",
    "created_at": "2026-01-13T06:53:14.888Z"
  }
},
{
  "model": "launcher.runartifact",
  "pk": "a3c63b98-63ea-4f3e-a884-615ff85c3c3d",
  "fields": {
    "run": 2,
    "artifact_type": "image",
    "name": "Layout Preview",
    "file_path": "runs\\69f9a9268b784fe0bc8f4c56063ebdd6\\preview.png",
    "created_at": "2026-01-13T05:10:56.958Z"
  }
},
{
  "model": "launcher.runartifact",
  "pk": "a6ae5e30-dca3-4da4-9ce5-989e061cd3c0",
  "fields": {
    "run": 36,
    "artifact_type": "image",
    "name": "Layout Preview",
    "file_path": "runs\\d205e433bda744748f45bc1d901700c9\\preview.png",
    "created_at": "2026-01-20T13:40:10.161Z"
  }
},
{
  "model": "launcher.runartifact",
  "pk": "a7647f07-256b-489a-aa79-0e633cb02b6a",
  "fields": {
    "run": 33,
    "artifact_type": "image",
    "name": "Layout Preview",
    "file_path": "runs\\5a4c1bf7639048638d94b792f8dac5b4\\preview.png",
    "created_at": "2026-01-20T13:26:25.086Z"
  }
},
{
  "model": "launcher.runartifact",
  "pk": "a7ae788d-3246-4a0e-af30-dcf937a6cf8d",
  "fields": {
    "run": 34,
    "artifact_type": "log",
    "name": "KLayout Log",
    "file_path": "runs\\092dc48152a1477ca5d66126bd182436\\klayout.log",
    "created_at": "2026-01-20T13:26:49.363Z"
  }
},
{
  "model": "launcher.runartifact",
  "pk": "ac0878ec-4ac5-46b6-8bb2-707e89b0ce10",
  "fields": {
    "run": 39,
    "artifact_type": "log",
    "name": "KLayout Log",
    "file_path": "runs\\3200bf12862144139381779ab23f8b82\\klayout.log",
    "created_at": "2026-01-21T12:51:09.301Z"
  }
},
{
  "model": "launcher.runartifact",
  "pk": "ad1f0a1e-47e5-456b-9e63-c6a946f72890",
  "fields": {
    "run": 46,
    "artifact_type": "report",
    "name": "Layout Metadata",
    "file_path": "runs\\3c7fbb13fc4c41fc98e37dd58835dcc2\\metadata.json",
    "created_at": "2026-02-11T13:20:48.911Z"
  }
},
{
  "model": "launcher.runartifact",
  "pk": "af7dfe22-3fe6-4716-bc1d-db28c7f24ada",
  "fields": {
    "run": 38,
    "artifact_type": "image",
    "name": "Layout Preview",
    "file_path": "runs\\220a18d822f84b5f875cf0d92766b4a0\\preview.png",
    "created_at": "2026-01-21T06:29:54.996Z"
  }
},
{
  "model": "launcher.runartifact",
  "pk": "b3250083-a07b-4f8d-b105-b2775d09869c",
  "fields": {
    "run": 4,
    "artifact_type": "log",
    "name": "KLayout Log",
    "file_path": "runs\\72dfeaf808a64f68bf93b1669440f92b\\klayout.log",
    "created_at": "2026-01-13T05:46:21.003Z"
  }
},
{
  "model": "launcher.runartifact",
  "pk": "b4c70ec1-b7f4-443c-aeeb-cd70aa06d6cf",
  "fields": {
    "run": 27,
    "artifact_type": "log",
    "name": "KLayout Log",
    "file_path": "runs\\998cc1d4835e4348a990ed96cc2042b3\\klayout.log",
    "created_at": "2026-01-20T11:15:15.963Z"
  }
},
{
  "model": "launcher.runartifact",
  "pk": "b5218e92-79a6-442a-be65-69c57fd4f258",
  "fields": {
    "run": 39,
    "artifact_type": "image",
    "name": "Layout Preview",
    "file_path": "runs\\3200bf12862144139381779ab23f8b82\\preview.png",
    "created_at": "2026-01-21T12:51:09.286Z"
  }
},
{
  "model": "launcher.runartifact",
  "pk": "bbc827e6-b97c-432a-bfce-be596c0a7cdc",
  "fields": {
    "run": 18,
    "artifact_type": "image",
    "name": "Layout Preview",
    "file_path": "runs\\7da3e70ad74a4899b399f6912c3d7018\\preview.png",
    "created_at": "2026-01-14T08:38:47.597Z"
  }
},
{
  "model": "launcher.runartifact",
  "pk": "bc5fe924-ecdc-4652-a5e0-1d45f230b6cd",
  "fields": {
    "run": 25,
    "artifact_type": "report",
    "name": "Layout Metadata",
    "file_path": "runs\\7a5e80202d124ad8bbfe7a03a41a08f1\\metadata.json",
    "created_at": "2026-01-19T14:19:32.695Z"
  }
},
{
  "model": "launcher.runartifact",
  "pk": "bef722b5-da5b-41b0-b64a-e34ceb65530c",
  "fields": {
    "run": 40,
    "artifact_type": "image",
    "name": "Layout Preview",
    "file_path": "runs\\8309c1fe22f0400cb679dba5b61de5d5\\preview.png",
    "created_at": "2026-01-23T12:47:02.848Z"
  }
},
{
  "model": "launcher.runartifact",
  "pk": "c0b78f6b-4a4d-46e0-8f88-b79a4f083afa",
  "fields": {
    "run": 46,
    "artifact_type": "image",
    "name": "Layout Preview",
    "file_path": "runs\\3c7fbb13fc4c41fc98e37dd58835dcc2\\preview.png",
    "created_at": "2026-02-11T13:20:48.900Z"
  }
},
{
  "model": "launcher.runartifact",
  "pk": "c143adeb-45ff-4200-a663-dab6964579f6",
  "fields": {
    "run": 41,
    "artifact_type": "image",
    "name": "Layout Preview",
    "file_path": "runs\\66b444fcdf0c427fa8803c16f07da758\\preview.png",
    "created_at": "2026-01-29T05:34:54.857Z"
  }
},
{
  "model": "launcher.runartifact",
  "pk": "c1dc028b-10b5-46bb-83f7-f07fb48d7433",
  "fields": {
    "run": 6,
    "artifact_type": "image",
    "name": "Layout Preview",
    "file_path": "runs\\3ec9a91e60ef4062a703b9cf69192c80\\preview.png",
    "created_at": "2026-01-13T06:08:45.364Z"
  }
},
{
  "model": "launcher.runartifact",
  "pk": "c1fc11c3-a79e-4644-8bb2-d473c0a038ae",
  "fields": {
    "run": 13,
    "artifact_type": "log",
    "name": "KLayout Log",
    "file_path": "runs\\c2ebbfa9d8734f9dbbc0dc3e78df0e13\\klayout.log",
    "created_at": "2026-01-13T12:34:12.955Z"
  }
},
{
  "model": "launcher.runartifact",
  "pk": "c22c06a6-4c41-4727-8f57-db10317163c8",
  "fields": {
    "run": 18,
    "artifact_type": "log",
    "name": "KLayout Log",
    "file_path": "runs\\7da3e70ad74a4899b399f6912c3d7018\\klayout.log",
    "created_at": "2026-01-14T08:38:47.613Z"
  }
},
{
  "model": "launcher.runartifact",
  "pk": "c2f2996a-3466-4b22-97dc-503927b3eeb6",
  "fields": {
    "run": 23,
    "artifact_type": "image",
    "name": "Layout Preview",
    "file_path": "runs\\b2da445208e549799564e40f4fc0719b\\preview.png",
    "created_at": "2026-01-19T05:35:57.815Z"
  }
},
{
  "model": "launcher.runartifact",
  "pk": "c410e583-7245-47af-9a14-ade256c88d08",
  "fields": {
    "run": 15,
    "artifact_type": "report",
    "name": "Layout Metadata",
    "file_path": "runs\\b567d3b9b7bf414089ae7316c18ef17c\\metadata.json",
    "created_at": "2026-01-13T13:19:21.786Z"
  }
},
{
  "model": "launcher.runartifact",
  "pk": "c55b29b2-7bfa-4adf-b632-3aab4be7591e",
  "fields": {
    "run": 6,
    "artifact_type": "report",
    "name": "Layout Metadata",
    "file_path": "runs\\3ec9a91e60ef4062a703b9cf69192c80\\metadata.json",
    "created_at": "2026-01-13T06:08:45.372Z"
  }
},
{
  "model": "launcher.runartifact",
  "pk": "c91e359c-d164-49a7-8843-396086d8e2de",
  "fields": {
    "run": 6,
    "artifact_type": "log",
    "name": "KLayout Log",
    "file_path": "runs\\3ec9a91e60ef4062a703b9cf69192c80\\klayout.log",
    "created_at": "2026-01-13T06:08:45.377Z"
  }
},
{
  "model": "launcher.runartifact",
  "pk": "ce335ab1-4212-46b5-ab2d-ddaf9d6d5b81",
  "fields": {
    "run": 26,
    "artifact_type": "log",
    "name": "KLayout Log",
    "file_path": "runs\\1ee80ebc89cf42748a69e33b207ef4bb\\klayout.log",
    "created_at": "2026-01-19T14:41:11.842Z"
  }
},
{
  "model": "launcher.runartifact",
  "pk": "d0df87d7-7503-4540-9d33-78f8dfc1f743",
  "fields": {
    "run": 41,
    "artifact_type": "log",
    "name": "KLayout Log",
    "file_path": "runs\\66b444fcdf0c427fa8803c16f07da758\\klayout.log",
    "created_at": "2026-01-29T05:34:54.890Z"
  }
},
{
  "model": "launcher.runartifact",
  "pk": "d0fe8e4a-9857-49e5-bac3-217aafe23755",
  "fields": {
    "run": 20,
    "artifact_type": "log",
    "name": "KLayout Log",
    "file_path": "runs\\58d4e1e49d4844e1b223cfb856b62a7b\\klayout.log",
    "created_at": "2026-01-14T11:05:53.377Z"
  }
},
{
  "model": "launcher.runartifact",
  "pk": "d2a5a023-e084-4d77-885f-30cc9df8b0c4",
  "fields": {
    "run": 31,
    "artifact_type": "report",
    "name": "Layout Metadata",
    "file_path": "runs\\beed12bd6f9d427d8563f94c23e2b530\\metadata.json",
    "created_at": "2026-01-20T13:08:40.891Z"
  }
},
{
  "model": "launcher.runartifact",
  "pk": "d9176b9f-069c-4bcd-9b12-9de79fcab6ef",
  "fields": {
    "run": 22,
    "artifact_type": "image",
    "name": "Layout Preview",
    "file_path": "runs\\1ff973cb48184c989b4a7bae82640976\\preview.png",
    "created_at": "2026-01-19T05:32:50.245Z"
  }
},
{
  "model": "launcher.runartifact",
  "pk": "daf833c0-5cd7-4e69-be6b-e5c49677eb8b",
  "fields": {
    "run": 30,
    "artifact_type": "image",
    "name": "Layout Preview",
    "file_path": "runs\\6fff5ce1239341829aa3a501d2861133\\preview.png",
    "created_at": "2026-01-20T12:35:33.250Z"
  }
},
{
  "model": "launcher.runartifact",
  "pk": "dbfbec4d-f61f-4898-bb26-fbec93975c1d",
  "fields": {
    "run": 35,
    "artifact_type": "log",
    "name": "KLayout Log",
    "file_path": "runs\\7d5b564d30254ea28760792e98a569d1\\klayout.log",
    "created_at": "2026-01-20T13:39:20.352Z"
  }
},
{
  "model": "launcher.runartifact",
  "pk": "dcd21f80-7282-4341-9c25-a6bd281226df",
  "fields": {
    "run": 29,
    "artifact_type": "report",
    "name": "Layout Metadata",
    "file_path": "runs\\346ea14c3fe54da68059098143fd636f\\metadata.json",
    "created_at": "2026-01-20T12:34:30.285Z"
  }
},
{
  "model": "launcher.runartifact",
  "pk": "dcece293-9583-4d3d-a39a-78e5758acd04",
  "fields": {
    "run": 2,
    "artifact_type": "log",
    "name": "KLayout Log",
    "file_path": "runs\\69f9a9268b784fe0bc8f4c56063ebdd6\\klayout.log",
    "created_at": "2026-01-13T05:10:56.967Z"
  }
},
{
  "model": "launcher.runartifact",
  "pk": "debc40be-b26e-4ab6-95fa-fd43046820b5",
  "fields": {
    "run": 42,
    "artifact_type": "log",
    "name": "KLayout Log",
    "file_path": "runs\\07ff3a53afb549c096bf02cd13332b2b\\klayout.log",
    "created_at": "2026-01-29T08:29:46.132Z"
  }
},
{
  "model": "launcher.runartifact",
  "pk": "df230a38-d360-4e68-ae40-7ab0c27dcac7",
  "fields": {
    "run": 7,
    "artifact_type": "image",
    "name": "Layout Preview",
    "file_path": "runs\\eece6b3deac54811b3410c3374541840\\preview.png",
    "created_at": "2026-01-13T06:34:27.908Z"
  }
},
{
  "model": "launcher.runartifact",
  "pk": "e40e8f40-6fe3-4f71-abac-55430bf8c710",
  "fields": {
    "run": 48,
    "artifact_type": "report",
    "name": "Layout Metadata",
    "file_path": "runs\\4ed4cf48ae35485e8108b7f5a984a402\\metadata.json",
    "created_at": "2026-04-07T12:49:22.483Z"
  }
},
{
  "model": "launcher.runartifact",
  "pk": "e424984b-af4a-46bd-923e-9ec9437b3bf4",
  "fields": {
    "run": 43,
    "artifact_type": "log",
    "name": "KLayout Log",
    "file_path": "runs\\8daf15b51afa4846ab597f3dce839913\\klayout.log",
    "created_at": "2026-01-30T12:09:31.520Z"
  }
},
{
  "model": "launcher.runartifact",
  "pk": "e52a0c0c-07c9-4070-8a6c-f664798f826e",
  "fields": {
    "run": 11,
    "artifact_type": "report",
    "name": "Layout Metadata",
    "file_path": "runs\\2a0c0b45edfa4a1fbe728acb7f424f03\\metadata.json",
    "created_at": "2026-01-13T08:08:53.383Z"
  }
},
{
  "model": "launcher.runartifact",
  "pk": "e64f41f3-2114-41c3-9df0-10c15c907b47",
  "fields": {
    "run": 17,
    "artifact_type": "report",
    "name": "Layout Metadata",
    "file_path": "runs\\cc1e8fdc02844e2fb04dfc5916202bf4\\metadata.json",
    "created_at": "2026-01-14T05:40:48.369Z"
  }
},
{
  "model": "launcher.runartifact",
  "pk": "e64f6c8e-cdd1-49ea-b00c-fa52cebb40f2",
  "fields": {
    "run": 7,
    "artifact_type": "log",
    "name": "KLayout Log",
    "file_path": "runs\\eece6b3deac54811b3410c3374541840\\klayout.log",
    "created_at": "2026-01-13T06:34:27.923Z"
  }
},
{
  "model": "launcher.runartifact",
  "pk": "e74b5642-fdf1-42ae-952f-e5a90144bf76",
  "fields": {
    "run": 3,
    "artifact_type": "image",
    "name": "Layout Preview",
    "file_path": "runs\\482e5671494742ca9d0fe992f7c47095\\preview.png",
    "created_at": "2026-01-13T05:37:25.510Z"
  }
},
{
  "model": "launcher.runartifact",
  "pk": "e7feb8d0-9d78-453a-b908-dd39f817a26a",
  "fields": {
    "run": 28,
    "artifact_type": "image",
    "name": "Layout Preview",
    "file_path": "runs\\dc1403b6ee0b4d809333c719aed2cf0d\\preview.png",
    "created_at": "2026-01-20T11:43:51.243Z"
  }
},
{
  "model": "launcher.runartifact",
  "pk": "e9ae3477-8ff3-43a3-ac5a-80529cb43c8c",
  "fields": {
    "run": 26,
    "artifact_type": "image",
    "name": "Layout Preview",
    "file_path": "runs\\1ee80ebc89cf42748a69e33b207ef4bb\\preview.png",
    "created_at": "2026-01-19T14:41:11.830Z"
  }
},
{
  "model": "launcher.runartifact",
  "pk": "ed223909-3d60-437e-a6c5-92804255836f",
  "fields": {
    "run": 27,
    "artifact_type": "report",
    "name": "Layout Metadata",
    "file_path": "runs\\998cc1d4835e4348a990ed96cc2042b3\\metadata.json",
    "created_at": "2026-01-20T11:15:15.954Z"
  }
},
{
  "model": "launcher.runartifact",
  "pk": "ed90093e-7028-47ff-a198-9aca8b6eccf3",
  "fields": {
    "run": 36,
    "artifact_type": "report",
    "name": "Layout Metadata",
    "file_path": "runs\\d205e433bda744748f45bc1d901700c9\\metadata.json",
    "created_at": "2026-01-20T13:40:10.184Z"
  }
},
{
  "model": "launcher.runartifact",
  "pk": "ef0ffc11-d35c-481c-a611-18af8256f6e5",
  "fields": {
    "run": 31,
    "artifact_type": "log",
    "name": "KLayout Log",
    "file_path": "runs\\beed12bd6f9d427d8563f94c23e2b530\\klayout.log",
    "created_at": "2026-01-20T13:08:40.899Z"
  }
},
{
  "model": "launcher.runartifact",
  "pk": "f01bac70-591e-4fc1-8995-8037c33d86d2",
  "fields": {
    "run": 19,
    "artifact_type": "image",
    "name": "Layout Preview",
    "file_path": "runs\\ee610344690d4c33a043d8733c3b5fcb\\preview.png",
    "created_at": "2026-01-14T10:53:21.914Z"
  }
},
{
  "model": "launcher.runartifact",
  "pk": "f079099b-ab5d-49e8-aeac-3ff5f50d81bc",
  "fields": {
    "run": 4,
    "artifact_type": "report",
    "name": "Layout Metadata",
    "file_path": "runs\\72dfeaf808a64f68bf93b1669440f92b\\metadata.json",
    "created_at": "2026-01-13T05:46:20.999Z"
  }
},
{
  "model": "launcher.runartifact",
  "pk": "f3bfbd80-1bc4-4d17-8a2c-1ce5ba58add3",
  "fields": {
    "run": 25,
    "artifact_type": "log",
    "name": "KLayout Log",
    "file_path": "runs\\7a5e80202d124ad8bbfe7a03a41a08f1\\klayout.log",
    "created_at": "2026-01-19T14:19:32.701Z"
  }
},
{
  "model": "launcher.runartifact",
  "pk": "f5c59aaa-abd8-476d-a581-e5c8156c5372",
  "fields": {
    "run": 21,
    "artifact_type": "report",
    "name": "Layout Metadata",
    "file_path": "runs\\485c16e329444c7180ad4bafa336b547\\metadata.json",
    "created_at": "2026-01-19T05:09:25.538Z"
  }
},
{
  "model": "launcher.runartifact",
  "pk": "f5e86e74-9124-4a67-96dc-6205c8263253",
  "fields": {
    "run": 45,
    "artifact_type": "image",
    "name": "Layout Preview",
    "file_path": "runs\\32611a2be59048d4992414198205bd18\\preview.png",
    "created_at": "2026-02-11T13:08:35.068Z"
  }
},
{
  "model": "launcher.runartifact",
  "pk": "fcf68e40-a9c5-47fd-abaf-a8bfe5ee4b19",
  "fields": {
    "run": 24,
    "artifact_type": "report",
    "name": "Layout Metadata",
    "file_path": "runs\\0bc326c587c04211abb4e7fb8b67719f\\metadata.json",
    "created_at": "2026-01-19T11:15:04.233Z"
  }
},
{
  "model": "launcher.runartifact",
  "pk": "fd14581f-b149-4ec6-ae41-6297de815042",
  "fields": {
    "run": 44,
    "artifact_type": "image",
    "name": "Layout Preview",
    "file_path": "runs\\6e28eed9b4da42408f76e907b14507e1\\preview.png",
    "created_at": "2026-02-11T06:43:38.516Z"
  }
},
{
  "model": "launcher.runartifact",
  "pk": "fd81022b-fa66-481c-97e1-15019d36ba37",
  "fields": {
    "run": 32,
    "artifact_type": "image",
    "name": "Layout Preview",
    "file_path": "runs\\e01568f948dc489398adf4d40e8431de\\preview.png",
    "created_at": "2026-01-20T13:08:55.556Z"
  }
},
{
  "model": "launcher.slideitem",
  "pk": "04077af1-d828-4248-99cd-09a75882a01f",
  "fields": {
    "slide": "a6524045-7542-40fe-b1e3-29a9cf911004",
    "artifact": "ce335ab1-4212-46b5-ab2d-ddaf9d6d5b81",
    "item_type": "log_snippet",
    "config": null
  }
},
{
  "model": "launcher.slideitem",
  "pk": "04438f84-87ad-472d-a7bf-1699afef7a87",
  "fields": {
    "slide": "d02876fd-5ec0-4d3e-8ff1-3854fe780482",
    "artifact": "daf833c0-5cd7-4e69-be6b-e5c49677eb8b",
    "item_type": "image",
    "config": null
  }
},
{
  "model": "launcher.slideitem",
  "pk": "0443dc27-7f6d-4376-91a5-8809262ab1b5",
  "fields": {
    "slide": "81b21694-d69c-4d77-81fb-334e63a38536",
    "artifact": "c1fc11c3-a79e-4644-8bb2-d473c0a038ae",
    "item_type": "log_snippet",
    "config": null
  }
},
{
  "model": "launcher.slideitem",
  "pk": "0606e494-c8cc-458b-9b49-23633eb0889a",
  "fields": {
    "slide": "f9ebe958-712f-40cd-acef-d696fe0bd352",
    "artifact": "f3bfbd80-1bc4-4d17-8a2c-1ce5ba58add3",
    "item_type": "log_snippet",
    "config": null
  }
},
{
  "model": "launcher.slideitem",
  "pk": "06a6555e-e549-466e-afe4-cb1b6e7f4ac8",
  "fields": {
    "slide": "9642aead-aa14-4bf9-97e6-fa4318b2f231",
    "artifact": "105fd1bb-aebd-49de-ad21-cb7c09c9d1cf",
    "item_type": "image",
    "config": null
  }
},
{
  "model": "launcher.slideitem",
  "pk": "0cbf917b-fbf5-4216-8c32-f72b669b1ec7",
  "fields": {
    "slide": "1aac2df6-9a25-48ea-8952-067162b3306c",
    "artifact": "83bd2517-5e2d-4f93-a5be-ba0d9ba7d0c5",
    "item_type": "log_snippet",
    "config": null
  }
},
{
  "model": "launcher.slideitem",
  "pk": "0d4b56f3-0a14-4e2a-81f1-0e2c308aa0f8",
  "fields": {
    "slide": "1951293d-b8cd-4d85-bba2-d2256e1cbbac",
    "artifact": "984b5620-c85b-4ebe-81dc-31fbcc881812",
    "item_type": "attachment",
    "config": null
  }
},
{
  "model": "launcher.slideitem",
  "pk": "0f5ebaac-bd7e-47d6-8f1c-49f74309b159",
  "fields": {
    "slide": "17ad5bc5-cd8b-40f6-93b3-5972561293d5",
    "artifact": "a7647f07-256b-489a-aa79-0e633cb02b6a",
    "item_type": "image",
    "config": null
  }
},
{
  "model": "launcher.slideitem",
  "pk": "10769ae7-43d7-4994-a3e3-7f308f28d8ea",
  "fields": {
    "slide": "85f28957-bed1-4bf5-aeec-85fb24631f54",
    "artifact": "03a1f499-eece-4fba-803c-d2556f6da00f",
    "item_type": "log_snippet",
    "config": null
  }
},
{
  "model": "launcher.slideitem",
  "pk": "14d85656-4964-417a-af44-f9f120e16f07",
  "fields": {
    "slide": "22e8936b-34b2-4bc0-8dfd-de0e0f577360",
    "artifact": "6f3b097c-f17f-4657-a557-c89c2329a51d",
    "item_type": "attachment",
    "config": null
  }
},
{
  "model": "launcher.slideitem",
  "pk": "14f99443-3dac-41c1-9214-7d4da4e98446",
  "fields": {
    "slide": "8ac660d1-2ba2-44dc-9319-5437cdb9e9af",
    "artifact": "fd14581f-b149-4ec6-ae41-6297de815042",
    "item_type": "image",
    "config": null
  }
},
{
  "model": "launcher.slideitem",
  "pk": "1719c897-eb0c-4e06-ac9c-3be3d08d63c6",
  "fields": {
    "slide": "2a18b092-6e74-43f4-95d1-14d9564484a2",
    "artifact": "698022a6-93c6-48a2-abe8-2a149b92361c",
    "item_type": "image",
    "config": null
  }
},
{
  "model": "launcher.slideitem",
  "pk": "1c9041f6-4926-479c-b6af-e82e337da01c",
  "fields": {
    "slide": "e9d00961-4c51-4bd9-8064-f58e489cbca7",
    "artifact": "5c8c8bea-6565-4bc5-8eaa-d009c667937e",
    "item_type": "image",
    "config": null
  }
},
{
  "model": "launcher.slideitem",
  "pk": "21e402e4-9ab2-4e7f-a8ff-aaf3ae08689d",
  "fields": {
    "slide": "4144bb7d-a18c-4b55-95d2-187cc39a0fea",
    "artifact": "40c7db38-e622-44de-a804-5223713e6e4f",
    "item_type": "attachment",
    "config": null
  }
},
{
  "model": "launcher.slideitem",
  "pk": "27304723-3bc1-46be-9f63-ac472390d1a8",
  "fields": {
    "slide": "1286b214-4b69-44b8-8b78-05517dfc7ae6",
    "artifact": "4fdfc938-a820-4220-8547-39f96d9f323b",
    "item_type": "log_snippet",
    "config": null
  }
},
{
  "model": "launcher.slideitem",
  "pk": "2893e0f9-b08c-4a0c-a6f6-ad7644923851",
  "fields": {
    "slide": "823d8e09-29ba-46c7-ab4c-09dbfde143f5",
    "artifact": "021ec223-73a1-4dfe-bd05-fc733c8161ec",
    "item_type": "log_snippet",
    "config": null
  }
},
{
  "model": "launcher.slideitem",
  "pk": "2b4098e4-db4f-4ba9-ad28-7c86cdf297a9",
  "fields": {
    "slide": "0e4f7154-54a1-4441-a926-b17e7f92113f",
    "artifact": "048321d1-73f7-4cfb-b4a0-56321f933878",
    "item_type": "attachment",
    "config": null
  }
},
{
  "model": "launcher.slideitem",
  "pk": "2bdd4111-37b2-4a3a-b1dd-f29ab8cafc16",
  "fields": {
    "slide": "29a71fd5-6afa-4172-99cf-38a1cb9f29c2",
    "artifact": "fcf68e40-a9c5-47fd-abaf-a8bfe5ee4b19",
    "item_type": "attachment",
    "config": null
  }
},
{
  "model": "launcher.slideitem",
  "pk": "2f22366c-1a9a-4f46-82b3-ff1730f77dc1",
  "fields": {
    "slide": "c1908dad-cc5d-47c7-8936-336b14438c06",
    "artifact": "626dac9a-3696-439a-a41a-acb43df9c061",
    "item_type": "image",
    "config": null
  }
},
{
  "model": "launcher.slideitem",
  "pk": "30e943ee-7794-4478-9f8a-284681f2e63f",
  "fields": {
    "slide": "a2ce1ab6-f511-4170-a167-df132d6279d2",
    "artifact": "47e8f250-8cc9-422e-aca8-cf6e35b669c5",
    "item_type": "log_snippet",
    "config": null
  }
},
{
  "model": "launcher.slideitem",
  "pk": "34349c6b-39e4-4c4f-b916-33cdcd0f3b53",
  "fields": {
    "slide": "70261279-4364-4517-a4a2-522c4529ce2e",
    "artifact": "ad1f0a1e-47e5-456b-9e63-c6a946f72890",
    "item_type": "attachment",
    "config": null
  }
},
{
  "model": "launcher.slideitem",
  "pk": "356f029e-f24e-43c7-8aef-f13da198ea11",
  "fields": {
    "slide": "6edc6cc6-c34e-4631-9b26-f6f61a4f417d",
    "artifact": "225bea4c-075d-4da2-89fb-84a2b76e0bfd",
    "item_type": "attachment",
    "config": null
  }
},
{
  "model": "launcher.slideitem",
  "pk": "3690e1d1-b9e9-4a84-9c95-670d9a101a8a",
  "fields": {
    "slide": "4a845067-e99f-4b8f-a502-8ef8c4d9bf1a",
    "artifact": "e52a0c0c-07c9-4070-8a6c-f664798f826e",
    "item_type": "attachment",
    "config": null
  }
},
{
  "model": "launcher.slideitem",
  "pk": "37474ad2-0c9b-45d3-bce0-a56d20e4806a",
  "fields": {
    "slide": "f2a4c838-a380-4b52-a893-20d2f88a124e",
    "artifact": "c2f2996a-3466-4b22-97dc-503927b3eeb6",
    "item_type": "image",
    "config": null
  }
},
{
  "model": "launcher.slideitem",
  "pk": "3c179571-d713-4448-8110-edec0ef57b0d",
  "fields": {
    "slide": "b531a3cb-31cc-4c83-8be3-5065fcab5661",
    "artifact": "4ae7df07-055d-4452-9876-7de4a55e3e10",
    "item_type": "attachment",
    "config": null
  }
},
{
  "model": "launcher.slideitem",
  "pk": "3c8fb16a-568c-49ba-8510-de65408f8798",
  "fields": {
    "slide": "ce5983ab-9301-46eb-8115-f52cb12e2c2f",
    "artifact": "4075a3a8-ef70-4f9d-bf89-237af73d33eb",
    "item_type": "image",
    "config": null
  }
},
{
  "model": "launcher.slideitem",
  "pk": "3e39c260-310b-4f1c-a1dc-89c4467cc7bf",
  "fields": {
    "slide": "991e42d3-4b92-469c-af15-1fd8c35a410a",
    "artifact": "d0df87d7-7503-4540-9d33-78f8dfc1f743",
    "item_type": "log_snippet",
    "config": null
  }
},
{
  "model": "launcher.slideitem",
  "pk": "41cbcb3b-da9a-488a-bf59-f841a2df08f9",
  "fields": {
    "slide": "7ec68f05-5f48-4f56-9d9f-bcf820db3aeb",
    "artifact": "2a48c295-5770-41ab-83eb-247a107a1bb9",
    "item_type": "attachment",
    "config": null
  }
},
{
  "model": "launcher.slideitem",
  "pk": "426ab6fc-5f2c-4014-ba05-fdac105e599b",
  "fields": {
    "slide": "9a0a219b-78e1-4bff-b287-67d7d262be4b",
    "artifact": "e40e8f40-6fe3-4f71-abac-55430bf8c710",
    "item_type": "attachment",
    "config": null
  }
},
{
  "model": "launcher.slideitem",
  "pk": "43a2cbda-4f55-4a1c-97b1-aa3ebdb55020",
  "fields": {
    "slide": "b11ff028-3e67-43db-bb08-7c59b4925a55",
    "artifact": "1e705360-84ca-41aa-9019-0c80c1b3cee2",
    "item_type": "attachment",
    "config": null
  }
},
{
  "model": "launcher.slideitem",
  "pk": "43dafd49-7038-4de6-bfac-fbd6285bb864",
  "fields": {
    "slide": "795ec4c2-f627-4a1c-89cc-37fe067a65fc",
    "artifact": "815fbb3c-0970-442e-a00f-f6ea9f31c8e0",
    "item_type": "attachment",
    "config": null
  }
},
{
  "model": "launcher.slideitem",
  "pk": "453a6bc9-492b-4149-a38c-31f973929962",
  "fields": {
    "slide": "5b8820d2-d9a2-4246-8f2b-7e1a9aaaaa90",
    "artifact": "98acc254-c386-45d8-93ce-3b8f90ee80a0",
    "item_type": "attachment",
    "config": null
  }
},
{
  "model": "launcher.slideitem",
  "pk": "46e660f4-6835-42a0-981e-ff9adccb500e",
  "fields": {
    "slide": "b7e44930-2761-4ef8-b07d-76033b66976c",
    "artifact": "5ac7b9d6-849c-4bf1-bc08-fa65ca4e86c3",
    "item_type": "log_snippet",
    "config": null
  }
},
{
  "model": "launcher.slideitem",
  "pk": "4844283b-28ea-4b51-84bf-c154a6dbb987",
  "fields": {
    "slide": "3dde15fe-a2f5-48f0-a64c-5018451d434f",
    "artifact": "5f881651-e517-416e-ac0a-b38891476c3b",
    "item_type": "image",
    "config": null
  }
},
{
  "model": "launcher.slideitem",
  "pk": "48745509-14cf-4109-b727-9b9b48ca9c33",
  "fields": {
    "slide": "67f61ea6-5264-4ba8-806c-46b49f7dac42",
    "artifact": "781b2cf6-1390-4825-9f46-defcfaf80277",
    "item_type": "image",
    "config": null
  }
},
{
  "model": "launcher.slideitem",
  "pk": "4a75d353-1c10-479f-8592-b1ef198e8acf",
  "fields": {
    "slide": "6b7f11bc-7335-445f-8656-cc025ddda5e8",
    "artifact": "d2a5a023-e084-4d77-885f-30cc9df8b0c4",
    "item_type": "attachment",
    "config": null
  }
},
{
  "model": "launcher.slideitem",
  "pk": "4cc1cc45-0a4d-4205-b4ac-52c362dd4ba2",
  "fields": {
    "slide": "dba412f3-ea1f-4909-ae27-96731ecb358c",
    "artifact": "048dd93b-fbf6-42c0-bbad-5e8e01c693ea",
    "item_type": "attachment",
    "config": null
  }
},
{
  "model": "launcher.slideitem",
  "pk": "4cda414a-e873-41e3-af5c-f7c9cc1d5ce3",
  "fields": {
    "slide": "78f642fb-0146-4915-b3b6-03fed83ac5c3",
    "artifact": "3a221abf-7a9d-483a-9b94-3b0357eba142",
    "item_type": "image",
    "config": null
  }
},
{
  "model": "launcher.slideitem",
  "pk": "4e6c8962-b396-487d-b99d-be4663070646",
  "fields": {
    "slide": "899efdbc-81ae-4688-a8de-f20f6d0b2f8a",
    "artifact": "c410e583-7245-47af-9a14-ade256c88d08",
    "item_type": "attachment",
    "config": null
  }
},
{
  "model": "launcher.slideitem",
  "pk": "5027c9b4-d08b-4232-91d8-49546a630481",
  "fields": {
    "slide": "a5e9cf93-6834-4621-b0ea-02bc56923096",
    "artifact": "df230a38-d360-4e68-ae40-7ab0c27dcac7",
    "item_type": "image",
    "config": null
  }
},
{
  "model": "launcher.slideitem",
  "pk": "516c2726-90ec-446b-911c-a8d4e5e5ce87",
  "fields": {
    "slide": "522bd491-b7e1-4d1a-bdbf-d8e71f09cf3d",
    "artifact": "19d44b85-412b-4217-a77e-837388351322",
    "item_type": "image",
    "config": null
  }
},
{
  "model": "launcher.slideitem",
  "pk": "557ba157-e153-4623-a653-ab61f3279a9b",
  "fields": {
    "slide": "a4aeb664-ae59-4463-b5ec-be92c8ebee6f",
    "artifact": "2ade05b1-66a1-47b9-aba4-3cb257cac278",
    "item_type": "log_snippet",
    "config": null
  }
},
{
  "model": "launcher.slideitem",
  "pk": "56b8d498-5ba3-4521-883c-b3c16d42d4dc",
  "fields": {
    "slide": "486a83c3-030f-448d-9cf6-5fa886f715d2",
    "artifact": "c22c06a6-4c41-4727-8f57-db10317163c8",
    "item_type": "log_snippet",
    "config": null
  }
},
{
  "model": "launcher.slideitem",
  "pk": "57649268-a39d-4ecb-9591-e750c699cb14",
  "fields": {
    "slide": "e806d4cc-2d2b-4b05-9c70-746cf96adc49",
    "artifact": "ac0878ec-4ac5-46b6-8bb2-707e89b0ce10",
    "item_type": "log_snippet",
    "config": null
  }
},
{
  "model": "launcher.slideitem",
  "pk": "5a71c3d5-d504-4548-a49b-24db3874b6dd",
  "fields": {
    "slide": "26f9e65b-910f-4d50-82d5-804fb559754e",
    "artifact": "d9176b9f-069c-4bcd-9b12-9de79fcab6ef",
    "item_type": "image",
    "config": null
  }
},
{
  "model": "launcher.slideitem",
  "pk": "5a93cd9a-1e71-4c45-bccf-93143b64ad79",
  "fields": {
    "slide": "4483cf01-daf8-44c8-98a1-9aa2f810bea2",
    "artifact": "1b74419b-f7d1-4c68-8a2c-616c459fcf2a",
    "item_type": "attachment",
    "config": null
  }
},
{
  "model": "launcher.slideitem",
  "pk": "5d6a8116-9c8d-4d08-83dd-516a311fd806",
  "fields": {
    "slide": "d3a8c9cc-9caa-4c7d-8efd-dd83875d86a1",
    "artifact": "2478e04b-b497-4771-a6b7-34d39284ca7f",
    "item_type": "log_snippet",
    "config": null
  }
},
{
  "model": "launcher.slideitem",
  "pk": "608cd2dd-8fb0-43e1-8755-250af82e7e3e",
  "fields": {
    "slide": "dbabca73-80ca-465e-8520-6957212188e4",
    "artifact": "1aa5f4aa-e366-4a7d-b1db-315e62c9652b",
    "item_type": "log_snippet",
    "config": null
  }
},
{
  "model": "launcher.slideitem",
  "pk": "62b6c932-b5c9-4218-b462-7a3ccb4855ea",
  "fields": {
    "slide": "a4aeb664-ae59-4463-b5ec-be92c8ebee6f",
    "artifact": "9284fbe7-750e-419c-a9a0-38b8bafb85f3",
    "item_type": "attachment",
    "config": null
  }
},
{
  "model": "launcher.slideitem",
  "pk": "6695206e-c965-4183-a5a2-b7a715270bc1",
  "fields": {
    "slide": "9f5d9d63-c0d6-4675-99b7-1c7799331933",
    "artifact": "95df93c3-cdec-4f01-b72e-ac245d5baeca",
    "item_type": "image",
    "config": null
  }
},
{
  "model": "launcher.slideitem",
  "pk": "6d1df81a-8eed-425b-ae20-4c49ca5c461d",
  "fields": {
    "slide": "00a04239-7169-42a3-bffb-cc90bcc51fcb",
    "artifact": "16dcd142-bd03-4986-bb9d-7245253b1a28",
    "item_type": "log_snippet",
    "config": null
  }
},
{
  "model": "launcher.slideitem",
  "pk": "700a0f98-bc71-4ebc-b84d-97a1f683d245",
  "fields": {
    "slide": "c76c8ce4-845d-4ee2-a630-9a4626c0d218",
    "artifact": "c1dc028b-10b5-46bb-83f7-f07fb48d7433",
    "item_type": "image",
    "config": null
  }
},
{
  "model": "launcher.slideitem",
  "pk": "714e4336-f7fe-478f-917f-61b3bfe961a4",
  "fields": {
    "slide": "5398321a-f560-439c-bf1f-a9fb7801d7a2",
    "artifact": "5d4f7681-fded-4f3d-8b27-509c82484c63",
    "item_type": "attachment",
    "config": null
  }
},
{
  "model": "launcher.slideitem",
  "pk": "71db5264-4aed-431b-9e65-0a167f4f2f94",
  "fields": {
    "slide": "aed34851-7c11-44c6-9f89-ef547cafee2f",
    "artifact": "49f69deb-d9f3-4dfd-83c8-bc2871a7d848",
    "item_type": "attachment",
    "config": null
  }
},
{
  "model": "launcher.slideitem",
  "pk": "74b812c6-0c06-4ce3-bf46-ad401f3e3ca1",
  "fields": {
    "slide": "f2eb7fb5-3225-444c-9ec8-e8738415bfd6",
    "artifact": "14d447ef-7a1d-4d3a-add0-19c34cb7cf09",
    "item_type": "image",
    "config": null
  }
},
{
  "model": "launcher.slideitem",
  "pk": "7716b50e-6cb3-4da9-b612-83ce6ac73db7",
  "fields": {
    "slide": "c7a963e3-46bb-4cc2-b42b-d25b8ef1b701",
    "artifact": "e64f41f3-2114-41c3-9df0-10c15c907b47",
    "item_type": "attachment",
    "config": null
  }
},
{
  "model": "launcher.slideitem",
  "pk": "77f02d57-9e51-4a90-bfca-a118b346726f",
  "fields": {
    "slide": "20cd9b94-9fa1-4153-99c6-deaae3874d22",
    "artifact": "5bf3cedf-a75f-4885-938e-82d2a33e49d1",
    "item_type": "log_snippet",
    "config": null
  }
},
{
  "model": "launcher.slideitem",
  "pk": "7875a392-fbc1-4359-a3c4-a97a91709283",
  "fields": {
    "slide": "03798d8d-fdb7-4bd8-9bec-ec64651725b9",
    "artifact": "04dbafba-9552-43ff-b539-6c9942b7bb16",
    "item_type": "log_snippet",
    "config": null
  }
},
{
  "model": "launcher.slideitem",
  "pk": "7cafc596-324f-44af-9aec-a07ef97bd95e",
  "fields": {
    "slide": "858fe503-4f6f-4c1f-9684-0f22f7131123",
    "artifact": "5ea1a75c-9c61-4b54-8aa7-5efefbf41473",
    "item_type": "image",
    "config": null
  }
},
{
  "model": "launcher.slideitem",
  "pk": "87aaa97c-ae71-49b8-8748-f02bb195f89c",
  "fields": {
    "slide": "c0abc8bb-199a-49fb-87d7-7f47bd6639a4",
    "artifact": "1cf23a22-d289-422e-b19d-30f1118c9bba",
    "item_type": "image",
    "config": null
  }
},
{
  "model": "launcher.slideitem",
  "pk": "8835a04c-76b7-488d-ad62-b36037814757",
  "fields": {
    "slide": "1fc243ac-fb26-4af9-be57-4cab29b37c4f",
    "artifact": "1b864f0b-c61c-4127-9b23-8db335961ca9",
    "item_type": "image",
    "config": null
  }
},
{
  "model": "launcher.slideitem",
  "pk": "911ec6f3-9906-4cdd-bb97-e4153f284c60",
  "fields": {
    "slide": "1d360528-3d12-4a19-992c-abf82bd5011a",
    "artifact": "5f4b7ab5-202f-4ef3-b55a-007e2d05c16f",
    "item_type": "attachment",
    "config": null
  }
},
{
  "model": "launcher.slideitem",
  "pk": "9335eb42-63fd-442f-bdca-6f610363e3ad",
  "fields": {
    "slide": "7eef96af-d25b-476b-9a10-47d917f45bc4",
    "artifact": "ed90093e-7028-47ff-a198-9aca8b6eccf3",
    "item_type": "attachment",
    "config": null
  }
},
{
  "model": "launcher.slideitem",
  "pk": "93f2e2ca-c86e-4134-85ba-5cfd48a047aa",
  "fields": {
    "slide": "90b78d30-2ff8-46bc-a6ea-3a839bb0d9f4",
    "artifact": "1d98ebed-3a92-4fee-a9b4-9a7736e64b8c",
    "item_type": "log_snippet",
    "config": null
  }
},
{
  "model": "launcher.slideitem",
  "pk": "94b787e8-a714-4a0d-b5eb-4554966d3041",
  "fields": {
    "slide": "db60823b-022b-41c0-8ff3-3003605bc6cb",
    "artifact": "10a00bb0-9439-4f3b-807c-880c1803049e",
    "item_type": "log_snippet",
    "config": null
  }
},
{
  "model": "launcher.slideitem",
  "pk": "9764dae7-3e24-475d-b386-720e6bf5230a",
  "fields": {
    "slide": "e0752864-e608-4dd4-8ad1-a3eb2cb795b5",
    "artifact": "9415227f-21a8-410e-a312-725777f38e50",
    "item_type": "log_snippet",
    "config": null
  }
},
{
  "model": "launcher.slideitem",
  "pk": "9acc13dd-d69d-41e4-8894-0bb33fa3030a",
  "fields": {
    "slide": "e05d8c46-b1cd-457d-8845-6ac9fcf18d5b",
    "artifact": "3f49e4fa-dd61-4b82-8fc2-105c4b1bfa5a",
    "item_type": "log_snippet",
    "config": null
  }
},
{
  "model": "launcher.slideitem",
  "pk": "9b73a7eb-5761-4804-b020-81db0cb4bd9c",
  "fields": {
    "slide": "762ee133-92e5-4408-b567-9aa967037e04",
    "artifact": "4df30caa-2b59-4fbc-90d9-d5ba34d034e9",
    "item_type": "image",
    "config": null
  }
},
{
  "model": "launcher.slideitem",
  "pk": "9b99c372-a8f7-4869-afd3-2b7a39513444",
  "fields": {
    "slide": "200315ea-708d-437d-a340-eae8c2102c61",
    "artifact": "1d4eef1c-ee47-43f4-948f-0239d6178813",
    "item_type": "log_snippet",
    "config": null
  }
},
{
  "model": "launcher.slideitem",
  "pk": "9e9b7ecf-8aaf-4de8-948d-fb845881bc89",
  "fields": {
    "slide": "eb6eeebd-44fe-46f6-95d6-2153c909f421",
    "artifact": "569e2f19-cbf8-4bbe-a137-d647c7bd2c10",
    "item_type": "attachment",
    "config": null
  }
},
{
  "model": "launcher.slideitem",
  "pk": "9ea0ccf7-9aa1-4633-81d0-9a53aad11dc9",
  "fields": {
    "slide": "a4aeb664-ae59-4463-b5ec-be92c8ebee6f",
    "artifact": "51ea04dd-569a-4d2c-9102-b3e6fc90e0e0",
    "item_type": "image",
    "config": null
  }
},
{
  "model": "launcher.slideitem",
  "pk": "a29ac354-5dae-4371-8c48-64820b4e3754",
  "fields": {
    "slide": "73d369a7-55db-45ac-a13f-c3f8a79b92af",
    "artifact": "e7feb8d0-9d78-453a-b908-dd39f817a26a",
    "item_type": "image",
    "config": null
  }
},
{
  "model": "launcher.slideitem",
  "pk": "a2d3f0d6-eaee-41b1-92fe-24b55f056ddd",
  "fields": {
    "slide": "a035b1e9-872f-415c-ad51-3565e7c59cef",
    "artifact": "586927f6-f3f2-4d16-a9e3-dace7f058860",
    "item_type": "image",
    "config": null
  }
},
{
  "model": "launcher.slideitem",
  "pk": "a3031166-9be3-494d-b73a-748cfb2d7391",
  "fields": {
    "slide": "7843b726-ea7e-44fe-8656-e1b4a3ce6522",
    "artifact": "fd81022b-fa66-481c-97e1-15019d36ba37",
    "item_type": "image",
    "config": null
  }
},
{
  "model": "launcher.slideitem",
  "pk": "a3ebc3f5-6c50-4264-9bf4-c2bdeeb23694",
  "fields": {
    "slide": "49029c2c-9999-46bc-b104-8df4c9fb9012",
    "artifact": "11e2a6a5-9e4e-4c7f-9241-974478fa0d19",
    "item_type": "attachment",
    "config": null
  }
},
{
  "model": "launcher.slideitem",
  "pk": "a6259ae1-3a86-478f-b79b-2b305d3e6159",
  "fields": {
    "slide": "f0d7192c-9445-4380-8136-d4b142963e13",
    "artifact": "6089e549-5e9e-4805-b90f-5b8769ffaede",
    "item_type": "log_snippet",
    "config": null
  }
},
{
  "model": "launcher.slideitem",
  "pk": "a8776b1a-2e74-4a36-9487-e4751ddb14ab",
  "fields": {
    "slide": "a536a5ed-35fe-4b14-9e39-c7eedfc9c502",
    "artifact": "ed223909-3d60-437e-a6c5-92804255836f",
    "item_type": "attachment",
    "config": null
  }
},
{
  "model": "launcher.slideitem",
  "pk": "aafcfb61-29f0-401f-bbd7-8f55363aab9a",
  "fields": {
    "slide": "ceb128b4-ac64-4ac1-b04c-4859acd87381",
    "artifact": "8e950156-b17b-49cf-869c-4ea3c22f598b",
    "item_type": "attachment",
    "config": null
  }
},
{
  "model": "launcher.slideitem",
  "pk": "ab1b2d42-450b-499a-91f5-b5f6feb86f22",
  "fields": {
    "slide": "1fd30f17-b0b0-4aaf-9256-43ebe7bbb7bc",
    "artifact": "bbc827e6-b97c-432a-bfce-be596c0a7cdc",
    "item_type": "image",
    "config": null
  }
},
{
  "model": "launcher.slideitem",
  "pk": "afac86d4-b631-4253-ad8a-139140852807",
  "fields": {
    "slide": "3ab5b857-23ea-41bb-9c6e-b177cff411f6",
    "artifact": "9c643967-edc8-4293-bac8-a917722be56c",
    "item_type": "attachment",
    "config": null
  }
},
{
  "model": "launcher.slideitem",
  "pk": "b31fcfdb-138f-4504-a841-05999016196d",
  "fields": {
    "slide": "d5140788-aa36-4470-9806-d698f3b64ee3",
    "artifact": "2ce4c9d5-5d13-4f4d-b58f-23a5953d3228",
    "item_type": "image",
    "config": null
  }
},
{
  "model": "launcher.slideitem",
  "pk": "b3a357b7-5147-4209-9082-39ed30d5f742",
  "fields": {
    "slide": "7542e649-0151-4a8b-8fb1-72235530bb20",
    "artifact": "41283a4c-ac44-4042-94f2-830125ce34e6",
    "item_type": "attachment",
    "config": null
  }
},
{
  "model": "launcher.slideitem",
  "pk": "b5cc1f66-ceca-4087-ab13-1df936fea287",
  "fields": {
    "slide": "f1b5502a-dab4-4d06-bff0-a3be26acbf32",
    "artifact": "0f06ca04-efed-4648-abf3-26b012a4df72",
    "item_type": "image",
    "config": null
  }
},
{
  "model": "launcher.slideitem",
  "pk": "b768ae3e-c53e-4694-88ba-e5bfa95150b7",
  "fields": {
    "slide": "b272e6fd-f549-4b8b-b597-6f8e1474ac4c",
    "artifact": "23aa61de-92cb-47b2-a39e-741ba25ba8e5",
    "item_type": "log_snippet",
    "config": null
  }
},
{
  "model": "launcher.slideitem",
  "pk": "ba4baa05-2cb3-4028-999b-d3b6897fbb15",
  "fields": {
    "slide": "91045b5d-d357-4309-9b94-ef5add2c717c",
    "artifact": "160266a2-0db7-44d5-9c31-dccfe4fbd945",
    "item_type": "attachment",
    "config": null
  }
},
{
  "model": "launcher.slideitem",
  "pk": "bd541edf-8348-4bca-abf2-5b2b14d45682",
  "fields": {
    "slide": "2be407cd-5151-47fc-b51f-c707dbd2e99b",
    "artifact": "420378e4-8b42-4ca8-bce4-9972c4e6d633",
    "item_type": "log_snippet",
    "config": null
  }
},
{
  "model": "launcher.slideitem",
  "pk": "bdd33ca1-fa74-44fd-a86c-0e240aadec49",
  "fields": {
    "slide": "61615463-9709-4fce-a898-c8e202b09de0",
    "artifact": "2992618c-6c27-47a2-8e11-60c4ee846a95",
    "item_type": "image",
    "config": null
  }
},
{
  "model": "launcher.slideitem",
  "pk": "be269abe-fa2a-4091-a54c-298e3bf320cb",
  "fields": {
    "slide": "adabb557-a096-4c49-8c61-3c0eda53e06f",
    "artifact": "c143adeb-45ff-4200-a663-dab6964579f6",
    "item_type": "image",
    "config": null
  }
},
{
  "model": "launcher.slideitem",
  "pk": "c825b999-96a4-4999-8ec5-7d616724c5e0",
  "fields": {
    "slide": "279189c1-7e23-4e39-b4b3-5ba38368fb2a",
    "artifact": "e64f6c8e-cdd1-49ea-b00c-fa52cebb40f2",
    "item_type": "log_snippet",
    "config": null
  }
},
{
  "model": "launcher.slideitem",
  "pk": "c84b378d-15a1-4981-9a40-23d1f251a427",
  "fields": {
    "slide": "c2944fae-73a7-468a-823f-d60d65018d4f",
    "artifact": "46f4ad6e-1c7a-489d-b31a-ee09b7a489c2",
    "item_type": "log_snippet",
    "config": null
  }
},
{
  "model": "launcher.slideitem",
  "pk": "c9d1b07a-8498-4832-b837-9d63547d5ff4",
  "fields": {
    "slide": "56e9bfbf-8686-4cfd-91ee-cea121142ad7",
    "artifact": "014cdeba-3501-408d-8c8d-992dfe06aeb9",
    "item_type": "log_snippet",
    "config": null
  }
},
{
  "model": "launcher.slideitem",
  "pk": "ccb694fe-8c77-413d-b7c7-75e4875bc3fd",
  "fields": {
    "slide": "154c5b0a-053f-4c10-a7f4-f4e3f40ff9a9",
    "artifact": "f5e86e74-9124-4a67-96dc-6205c8263253",
    "item_type": "image",
    "config": null
  }
},
{
  "model": "launcher.slideitem",
  "pk": "d1188afa-2895-4e06-aa70-6efab23362f5",
  "fields": {
    "slide": "492eea2c-9622-443e-9660-679b8c82d661",
    "artifact": "af7dfe22-3fe6-4716-bc1d-db28c7f24ada",
    "item_type": "image",
    "config": null
  }
},
{
  "model": "launcher.slideitem",
  "pk": "d1f9a56e-5681-4122-91b9-a4070d14ff5d",
  "fields": {
    "slide": "03325a7d-1c68-425c-b231-e2dcd1a99d6f",
    "artifact": "2c0a13ec-13c5-4610-b3ea-764f5c65eb95",
    "item_type": "log_snippet",
    "config": null
  }
},
{
  "model": "launcher.slideitem",
  "pk": "d2832db6-6e4d-4948-9a9e-f8f736b1c5b3",
  "fields": {
    "slide": "a6fb7828-9c5d-4190-9434-508da2cbc62b",
    "artifact": "dcd21f80-7282-4341-9c25-a6bd281226df",
    "item_type": "attachment",
    "config": null
  }
},
{
  "model": "launcher.slideitem",
  "pk": "d30dc046-4f41-454e-8f3d-7ba1b10edebe",
  "fields": {
    "slide": "bb24d67a-d5d7-461c-828c-5c91e45fba47",
    "artifact": "6c88b831-07e0-4a7d-b1b6-fd105753a85a",
    "item_type": "log_snippet",
    "config": null
  }
},
{
  "model": "launcher.slideitem",
  "pk": "d368aa08-bff1-42f6-bb80-a3705d65a46a",
  "fields": {
    "slide": "0df703a2-15ac-4e1a-9566-988b7a5e9f93",
    "artifact": "d0fe8e4a-9857-49e5-bac3-217aafe23755",
    "item_type": "log_snippet",
    "config": null
  }
},
{
  "model": "launcher.slideitem",
  "pk": "d3d77bbb-9759-4502-ae6b-fed9a9d11263",
  "fields": {
    "slide": "68230ddc-057e-49aa-bcca-06d3898c1976",
    "artifact": "3ca3f645-ae2e-459a-ab2b-9ef41ee7204f",
    "item_type": "log_snippet",
    "config": null
  }
},
{
  "model": "launcher.slideitem",
  "pk": "d5107f7c-b534-4825-91ab-ba4b3569d34c",
  "fields": {
    "slide": "29990d3f-6b3e-4c6e-9dc1-acd0e19ec2b9",
    "artifact": "097c7ea7-aec3-40a7-9405-bdd6d6224c33",
    "item_type": "attachment",
    "config": null
  }
},
{
  "model": "launcher.slideitem",
  "pk": "d680ff4a-1cca-4195-a3ef-0fd1f47463ce",
  "fields": {
    "slide": "57a87d25-17ef-41f6-8fc0-03396039a75f",
    "artifact": "f5c59aaa-abd8-476d-a581-e5c8156c5372",
    "item_type": "attachment",
    "config": null
  }
},
{
  "model": "launcher.slideitem",
  "pk": "da13de97-d2dc-43ef-8cba-198f40be2e20",
  "fields": {
    "slide": "2bed69d7-98d3-4424-802d-1f159e875a68",
    "artifact": "debc40be-b26e-4ab6-95fa-fd43046820b5",
    "item_type": "log_snippet",
    "config": null
  }
},
{
  "model": "launcher.slideitem",
  "pk": "dac5f54c-1e82-4aec-a3ec-7c5e1bf36e33",
  "fields": {
    "slide": "46d4b487-dcac-474f-9641-7abcddf8ec85",
    "artifact": "7f68aeb2-dc6b-4d2a-a505-37312ab1ec44",
    "item_type": "attachment",
    "config": null
  }
},
{
  "model": "launcher.slideitem",
  "pk": "dcc393f8-9917-4cca-a155-5ae6b5b6e3a4",
  "fields": {
    "slide": "16a82101-ca86-46e6-bc49-19d474a573cf",
    "artifact": "071861ba-42ed-4ef7-9530-7643ce212d4e",
    "item_type": "image",
    "config": null
  }
},
{
  "model": "launcher.slideitem",
  "pk": "ddd1e3c1-80fb-4e44-8ed0-d17e7d47150d",
  "fields": {
    "slide": "805c6c65-519f-4ad0-9300-b7e3cb140b04",
    "artifact": "2e2f68e7-3e25-403b-9f73-16e28cceb08b",
    "item_type": "attachment",
    "config": null
  }
},
{
  "model": "launcher.slideitem",
  "pk": "de50be38-91a6-4f36-8731-eb296b6a804a",
  "fields": {
    "slide": "7a720b0e-0f37-4e3d-ab92-fbe55a0eef31",
    "artifact": "0a4dd297-96ba-4b4c-9be2-b492c1977d8c",
    "item_type": "log_snippet",
    "config": null
  }
},
{
  "model": "launcher.slideitem",
  "pk": "df73accc-e58b-4571-bc22-ff2f64889278",
  "fields": {
    "slide": "3e281693-2346-4c02-92c4-3fb9af447305",
    "artifact": "e9ae3477-8ff3-43a3-ac5a-80529cb43c8c",
    "item_type": "image",
    "config": null
  }
},
{
  "model": "launcher.slideitem",
  "pk": "e180b844-5b1a-4719-b4ec-9b15a8879689",
  "fields": {
    "slide": "aa7b24c4-3923-49e7-9df3-a02272b48bed",
    "artifact": "f01bac70-591e-4fc1-8995-8037c33d86d2",
    "item_type": "image",
    "config": null
  }
},
{
  "model": "launcher.slideitem",
  "pk": "e25f45a3-5779-4d79-ae24-23e9ad414668",
  "fields": {
    "slide": "0b5465a2-a582-4f7e-828f-010a45b6e97d",
    "artifact": "a7ae788d-3246-4a0e-af30-dcf937a6cf8d",
    "item_type": "log_snippet",
    "config": null
  }
},
{
  "model": "launcher.slideitem",
  "pk": "e28650b8-09fd-4c89-9290-2cb9d0b17e46",
  "fields": {
    "slide": "cfb7eb23-cd84-40a4-80f6-47fa769dd431",
    "artifact": "c0b78f6b-4a4d-46e0-8f88-b79a4f083afa",
    "item_type": "image",
    "config": null
  }
},
{
  "model": "launcher.slideitem",
  "pk": "e4a45c8a-004d-4db8-b587-bcfc11821a49",
  "fields": {
    "slide": "732be514-4801-4339-9761-35e80ca88426",
    "artifact": "5d984945-defc-4f5c-b60a-3d06b8615986",
    "item_type": "image",
    "config": null
  }
},
{
  "model": "launcher.slideitem",
  "pk": "e50d2506-9b3c-4c8c-9545-5deedda68460",
  "fields": {
    "slide": "ba1c66f5-fb12-4e23-bed1-06ac5a4826d0",
    "artifact": "33daff71-13af-4b7f-91cb-560a384ea959",
    "item_type": "attachment",
    "config": null
  }
},
{
  "model": "launcher.slideitem",
  "pk": "e541250d-94a1-4fe0-8388-512c48c41872",
  "fields": {
    "slide": "d43095de-1ea8-4551-a1f1-a16419627c11",
    "artifact": "8005ac0d-c21f-4fc1-ab14-fd5dcefaa8fb",
    "item_type": "image",
    "config": null
  }
},
{
  "model": "launcher.slideitem",
  "pk": "e6d4fcf7-86b2-4e42-9f60-58e10ccdbd0d",
  "fields": {
    "slide": "fd88dd26-9300-43f6-9896-01b134f9ea70",
    "artifact": "a6ae5e30-dca3-4da4-9ce5-989e061cd3c0",
    "item_type": "image",
    "config": null
  }
},
{
  "model": "launcher.slideitem",
  "pk": "e797a479-b5ba-4a85-a607-94b00e1a1f82",
  "fields": {
    "slide": "6deabeae-71e7-4074-a41b-9ac6fdd8f5fd",
    "artifact": "30ae10e4-4908-43e6-93d5-5a8cfcfe8e3f",
    "item_type": "log_snippet",
    "config": null
  }
},
{
  "model": "launcher.slideitem",
  "pk": "e9732513-3519-4b1c-a036-fc97a105f5ac",
  "fields": {
    "slide": "bee05907-04ba-434e-8cc2-5c43deec68e3",
    "artifact": "39cff9d3-5bd4-4a3c-b962-ffda6e509372",
    "item_type": "log_snippet",
    "config": null
  }
},
{
  "model": "launcher.slideitem",
  "pk": "e9e65134-3e0c-4438-a2a9-accfea835447",
  "fields": {
    "slide": "8d84b2ac-ee2a-4633-a83e-34aef15ea8bd",
    "artifact": "bef722b5-da5b-41b0-b64a-e34ceb65530c",
    "item_type": "image",
    "config": null
  }
},
{
  "model": "launcher.slideitem",
  "pk": "ea25ff4c-13a6-4c7c-b2d2-1736ce63e895",
  "fields": {
    "slide": "93621197-ceab-4193-8f30-b72584480ecd",
    "artifact": "ef0ffc11-d35c-481c-a611-18af8256f6e5",
    "item_type": "log_snippet",
    "config": null
  }
},
{
  "model": "launcher.slideitem",
  "pk": "eb3a10d5-aae4-4521-895b-e8095c35d65c",
  "fields": {
    "slide": "02efe958-5d23-4716-ae1c-ab0ca9921a4d",
    "artifact": "b5218e92-79a6-442a-be65-69c57fd4f258",
    "item_type": "image",
    "config": null
  }
},
{
  "model": "launcher.slideitem",
  "pk": "eb740fc1-07ff-4f16-928c-4bbe8c1dc209",
  "fields": {
    "slide": "b2b4fba3-3bc0-4a1a-93df-f0091ab621e3",
    "artifact": "1a3b873c-bfeb-4dd3-aa56-ece31eb5c33e",
    "item_type": "attachment",
    "config": null
  }
},
{
  "model": "launcher.slideitem",
  "pk": "ee2e0428-77dc-435e-b9e9-270012693f29",
  "fields": {
    "slide": "804986b3-95d4-4dde-b9d4-dc4579b0ed7e",
    "artifact": "952b5962-340a-4ecd-9d06-2aa02f627cee",
    "item_type": "attachment",
    "config": null
  }
},
{
  "model": "launcher.slideitem",
  "pk": "ee87fb92-36cf-4af7-a30c-3e45bed8a932",
  "fields": {
    "slide": "d2760322-44f8-4951-a1ac-993ab88309d8",
    "artifact": "dbfbec4d-f61f-4898-bb26-fbec93975c1d",
    "item_type": "log_snippet",
    "config": null
  }
},
{
  "model": "launcher.slideitem",
  "pk": "eeea0223-76eb-49fe-9bae-61c514d81eb3",
  "fields": {
    "slide": "b22b2edd-f6cd-42bc-9a1a-8fc4d3d78e63",
    "artifact": "bc5fe924-ecdc-4652-a5e0-1d45f230b6cd",
    "item_type": "attachment",
    "config": null
  }
},
{
  "model": "launcher.slideitem",
  "pk": "f0947c20-47e4-48db-8c2c-f9bba603f4c1",
  "fields": {
    "slide": "51c9d8d2-fc3f-427c-ad7b-d7da3acd34e8",
    "artifact": "0e27fa74-0cb6-4f4a-9974-2c4bb1aae2bc",
    "item_type": "attachment",
    "config": null
  }
},
{
  "model": "launcher.slideitem",
  "pk": "f12b59ea-9732-48a2-adca-bf602f44e254",
  "fields": {
    "slide": "802296a2-6646-47ce-8dd5-127a1da301d5",
    "artifact": "b4c70ec1-b7f4-443c-aeeb-cd70aa06d6cf",
    "item_type": "log_snippet",
    "config": null
  }
},
{
  "model": "launcher.slideitem",
  "pk": "f2698409-6d4d-4444-9bec-c68b199d6eae",
  "fields": {
    "slide": "af054226-5fa8-4ffa-b975-934b5743d138",
    "artifact": "e424984b-af4a-46bd-923e-9ec9437b3bf4",
    "item_type": "log_snippet",
    "config": null
  }
},
{
  "model": "launcher.slideitem",
  "pk": "fac66826-8251-46b4-a111-cdabcc0636db",
  "fields": {
    "slide": "985a1864-767a-476e-8460-ab296bf1349b",
    "artifact": "4376b892-75a0-434f-9775-d8e806da8d60",
    "item_type": "image",
    "config": null
  }
},
{
  "model": "launcher.slideitem",
  "pk": "fca0209b-e8d8-4f33-a268-605f50bdf017",
  "fields": {
    "slide": "a1ed4a49-612f-40ea-81f5-68a17e51debe",
    "artifact": "2d5a1329-6182-4a89-a783-63a3f01dcf44",
    "item_type": "image",
    "config": null
  }
},
{
  "model": "launcher.slideitem",
  "pk": "fd21e2c6-3c0c-43d1-84d6-e5bf14596e78",
  "fields": {
    "slide": "0b741089-43ab-4e80-a6bb-0eaa5f265792",
    "artifact": "67995529-002b-433b-9f0b-8f225241d1df",
    "item_type": "log_snippet",
    "config": null
  }
},
{
  "model": "launcher.slideitem",
  "pk": "fd611f00-7639-472d-9ff0-17a7a945ccaf",
  "fields": {
    "slide": "2202e8d5-b4aa-47b0-a7fc-ad05e5ebb3c2",
    "artifact": "4062030c-8258-450b-97af-c9c8335e5a62",
    "item_type": "attachment",
    "config": null
  }
},
{
  "model": "launcher.slideitem",
  "pk": "fe3367e7-f763-4923-840a-f07cff5f4523",
  "fields": {
    "slide": "1884e433-bea8-4a35-b522-af9421ac00cb",
    "artifact": "970690de-3688-4c08-b601-b0570b8b0906",
    "item_type": "attachment",
    "config": null
  }
}
]
